# This file uses centimeters as units for non-parametric coordinates.

mtllib puddle.mtl
g default
v -3.211939 0.000000 4.120374
v 2.999737 0.000000 4.227211
v -3.264745 0.000000 -6.021626
v 2.649518 0.000000 -5.776042
v -3.589711 0.000000 -0.648438
v 3.300906 0.000000 -6.778615
v -4.031721 0.000000 -6.898013
v 3.709454 0.000000 5.225096
v 0.276863 0.000000 5.148662
v -3.898657 0.000000 4.866548
v 3.213907 0.000000 -0.706708
v -0.091410 0.000000 -7.005349
v 0.330382 0.000000 7.034781
v 0.170309 0.000000 -0.688349
v -0.202128 0.000000 -9.068196
v 4.382312 0.000000 -0.684634
v -4.763366 0.000000 -0.671519
v 2.246476 0.000000 6.174592
v -2.162402 0.000000 5.814546
v -1.846326 0.000000 2.841593
v 1.934561 0.000000 2.633793
v 1.858153 0.000000 -4.109726
v -1.817041 0.000000 -4.324485
v -2.427550 0.000000 -8.028408
v 1.695112 0.000000 -7.969650
v 3.688454 0.000000 -3.913815
v 4.164182 0.000000 2.476171
v -4.178682 0.000000 2.678175
v -4.410571 0.000000 -4.186235
v 2.359442 0.000000 6.671436
v 0.318184 0.000000 6.480656
v -2.247696 0.000000 6.254035
v 0.196903 0.000000 3.008032
v 1.965567 0.000000 -0.715429
v 0.074387 0.000000 -4.456405
v -1.981339 0.000000 -0.652816
v -0.207211 0.000000 -8.508428
v 1.771234 0.000000 -8.477344
v -2.542120 0.000000 -8.483793
v 3.922227 0.000000 -4.100646
v 4.059853 0.000000 -0.692441
v 4.457571 0.000000 2.676528
v -4.455556 0.000000 2.815567
v -4.458808 0.000000 -0.662353
v -4.726118 0.000000 -4.344598
v 3.470134 0.000000 4.874362
v 2.012664 0.000000 4.881756
v -1.958952 0.000000 4.704887
v -3.689296 0.000000 4.606353
v 3.324912 0.000000 2.291121
v 3.033709 0.000000 -3.755028
v 1.661159 0.000000 -6.559823
v -2.064951 0.000000 -6.718768
v -3.461911 0.000000 -4.044840
v -3.368260 0.000000 2.562420
v 3.076876 0.000000 -6.433065
v -3.804884 0.000000 -6.607829
v 1.392262 0.000000 6.842741
v 3.086588 0.000000 5.949562
v 2.781689 0.000000 5.186965
v 1.303016 0.000000 5.878486
v -3.239040 0.000000 5.530005
v -0.929490 0.000000 6.588465
v -0.902135 0.000000 5.680348
v -2.956536 0.000000 4.906277
v -2.686807 0.000000 3.675560
v -0.806287 0.000000 4.128038
v -0.853096 0.000000 1.352923
v -2.835790 0.000000 1.209972
v 1.148370 0.000000 4.138438
v 2.584734 0.000000 3.635687
v 2.644723 0.000000 0.924457
v 1.136492 0.000000 1.206354
v 1.180670 0.000000 -2.631113
v 2.787129 0.000000 -2.366117
v 2.302508 0.000000 -5.161195
v 0.911648 0.000000 -5.736725
v -2.841386 0.000000 -2.530907
v -0.916234 0.000000 -2.704255
v -0.926926 0.000000 -5.851738
v -2.677764 0.000000 -5.424980
v -3.067217 0.000000 -7.000962
v -1.252442 0.000000 -7.789479
v -1.356490 0.000000 -8.759388
v -3.416919 0.000000 -7.695881
v 0.783872 0.000000 -7.735946
v 2.402067 0.000000 -6.841295
v 2.599004 0.000000 -7.627363
v 0.800141 0.000000 -8.755963
v 4.259416 0.000000 -2.413564
v 3.479723 0.000000 -5.468146
v 3.048630 0.000000 -5.072474
v 3.749323 0.000000 -2.294843
v 4.015457 0.000000 3.997817
v 4.373768 0.000000 1.012013
v 3.728523 0.000000 0.874379
v 3.535603 0.000000 3.587462
v -4.570617 0.000000 1.236422
v -4.127685 0.000000 3.883140
v -3.665338 0.000000 3.602607
v -4.026983 0.000000 1.144801
v -4.300357 0.000000 -5.683275
v -4.739541 0.000000 -2.592808
v -4.128196 0.000000 -2.478591
v -3.785948 0.000000 -5.346339
v 2.322767 0.000000 6.522280
v 2.961385 0.000000 5.650205
v 2.134560 0.000000 5.625659
v 1.356277 0.000000 6.464935
v -2.219341 0.000000 6.122522
v -0.920363 0.000000 6.229651
v -2.070007 0.000000 5.334532
v -3.126179 0.000000 5.284771
v -1.865446 0.000000 3.910261
v -0.813883 0.000000 2.988156
v -1.923939 0.000000 1.299007
v -2.709268 0.000000 2.667559
v 1.925643 0.000000 3.905959
v 2.692902 0.000000 2.410754
v 1.959840 0.000000 1.054893
v 1.104196 0.000000 2.863256
v 2.097187 0.000000 -2.496244
v 2.518658 0.000000 -3.885872
v 1.715104 0.000000 -5.469059
v 1.021342 0.000000 -4.327117
v -1.923705 0.000000 -2.627620
v -0.871865 0.000000 -4.447834
v -1.859738 0.000000 -5.675873
v -2.712780 0.000000 -4.155083
v -2.277845 0.000000 -7.490575
v -1.327275 0.000000 -8.392042
v -2.507655 0.000000 -8.350946
v -3.282352 0.000000 -7.432620
v 1.655174 0.000000 -7.384055
v 2.512325 0.000000 -7.324341
v 1.742521 0.000000 -8.327689
v 0.782872 0.000000 -8.367250
v 3.854153 0.000000 -4.034025
v 3.303034 0.000000 -5.289105
v 3.416809 0.000000 -3.789100
v 4.064240 0.000000 -2.350652
v 4.372849 0.000000 2.605697
v 4.120578 0.000000 0.942551
v 3.814327 0.000000 2.338822
v 3.829506 0.000000 3.812083
v -4.374966 0.000000 2.766588
v -3.953412 0.000000 3.756893
v -3.847895 0.000000 2.585714
v -4.368427 0.000000 1.187251
v -4.635149 0.000000 -4.287976
v -4.510457 0.000000 -2.534348
v -4.024688 0.000000 -4.076742
v -4.110980 0.000000 -5.533403
v 1.409684 0.000000 7.007503
v 3.143568 0.000000 6.078879
v 0.331769 0.000000 6.865530
v 0.296980 0.000000 5.894121
v -0.937978 0.000000 6.744980
v -3.290044 0.000000 5.634802
v 0.186616 0.000000 1.323783
v 0.243919 0.000000 4.226884
v 1.159774 0.000000 -0.708514
v 2.635790 0.000000 -0.714774
v 0.125603 0.000000 -2.712010
v 0.014046 0.000000 -5.879110
v -0.917227 0.000000 -0.667276
v -2.889622 0.000000 -0.647687
v -0.210250 0.000000 -8.900400
v -0.175253 0.000000 -7.874591
v 0.815321 0.000000 -8.920984
v 2.642049 0.000000 -7.755655
v -1.367239 0.000000 -8.914173
v -3.474782 0.000000 -7.805103
v 4.342070 0.000000 -2.449393
v 3.560209 0.000000 -5.556816
v 4.286650 0.000000 -0.694579
v 3.696167 0.000000 -0.699539
v 4.484859 0.000000 1.054404
v 4.095072 0.000000 4.089747
v -4.654537 0.000000 1.266816
v -4.199692 0.000000 3.945271
v -4.672668 0.000000 -0.668361
v -4.102644 0.000000 -0.653077
v -4.836406 0.000000 -2.628237
v -4.376498 0.000000 -5.756384
v 3.636048 0.000000 5.115541
v 3.228039 0.000000 4.538237
v 1.230660 0.000000 5.111595
v 2.619065 0.000000 4.547253
v -0.858781 0.000000 4.983566
v -2.785029 0.000000 4.391762
v -3.836511 0.000000 4.785860
v -3.458521 0.000000 4.353819
v 3.230200 0.000000 0.856134
v 3.128239 0.000000 3.478325
v 3.324588 0.000000 -2.288194
v 2.726467 0.000000 -4.975684
v 0.826274 0.000000 -6.866212
v 2.311277 0.000000 -6.150177
v -1.104169 0.000000 -6.951402
v -2.828413 0.000000 -6.364648
v -3.579754 0.000000 -2.467331
v -3.315538 0.000000 -5.260973
v -3.528596 0.000000 1.143789
v -3.258110 0.000000 3.535363
v 3.231852 0.000000 -6.671403
v 2.855926 0.000000 -6.094826
v -3.965301 0.000000 -6.809245
v -3.545776 0.000000 -6.312669
v -2.478835 0.000000 -6.550233
v -2.734204 0.000000 -5.935040
v -3.099745 0.000000 -6.177566
v -3.285869 0.000000 -5.720721
v -2.944349 0.000000 -6.714734
v -3.344123 0.000000 -6.686532
v -3.396265 0.000000 -6.155301
v -2.176393 0.000000 -7.136117
v -2.708661 0.000000 -7.269062
v -2.361664 0.000000 -7.787212
v -2.893982 0.000000 -7.759002
v -3.182223 0.000000 -7.239007
v -3.581093 0.000000 -7.049958
v -3.684650 0.000000 -6.467252
v -1.186579 0.000000 -7.401136
v -1.784159 0.000000 -7.665244
v -0.138921 0.000000 -7.470325
v -0.707535 0.000000 -7.859692
v -0.196646 0.000000 -8.221019
v -0.757569 0.000000 -8.481935
v -1.297761 0.000000 -8.119888
v -1.894625 0.000000 -8.240145
v -1.345726 0.000000 -8.605631
v -1.946945 0.000000 -8.587271
v -2.475204 0.000000 -8.216540
v -0.211060 0.000000 -8.735637
v -0.771447 0.000000 -8.864643
v -0.206840 0.000000 -9.000471
v -0.771484 0.000000 -9.027573
v -1.362943 0.000000 -8.852054
v -1.969198 0.000000 -8.731720
v -2.527931 0.000000 -8.430967
v -3.360588 0.000000 -7.585561
v -3.730584 0.000000 -7.281612
v -3.898476 0.000000 -6.723179
v -3.003461 0.000000 -8.053071
v -3.050769 0.000000 -8.173975
v -3.451330 0.000000 -7.761634
v -3.793796 0.000000 -7.380013
v -4.005234 0.000000 -6.861966
v 0.799260 0.000000 -7.331996
v 0.318588 0.000000 -7.832887
v 1.652193 0.000000 -7.003621
v 1.230483 0.000000 -7.585132
v 1.671477 0.000000 -7.705583
v 1.247657 0.000000 -8.199967
v 0.779495 0.000000 -8.081327
v 0.302092 0.000000 -8.470136
v 2.351584 0.000000 -6.527770
v 2.054698 0.000000 -7.136327
v 2.742422 0.000000 -5.919927
v 2.670292 0.000000 -6.498305
v 2.970588 0.000000 -6.270479
v 2.838684 0.000000 -6.910038
v 2.457556 0.000000 -7.105888
v 2.123901 0.000000 -7.677660
v 2.560644 0.000000 -7.499444
v 2.187779 0.000000 -8.010458
v 1.720094 0.000000 -8.177705
v 3.165256 0.000000 -6.568763
v 2.960392 0.000000 -7.180778
v 3.272793 0.000000 -6.734816
v 3.016287 0.000000 -7.298238
v 2.623894 0.000000 -7.704264
v 2.222728 0.000000 -8.149758
v 1.758491 0.000000 -8.417548
v 0.790744 0.000000 -8.592821
v 0.308663 0.000000 -8.864020
v 1.279035 0.000000 -8.576689
v 1.300477 0.000000 -8.735205
v 0.808093 0.000000 -8.854601
v 0.320630 0.000000 -9.032324
v 4.384886 0.000000 -1.572525
v 4.308870 0.000000 -2.433815
v 4.295977 0.000000 -1.559527
v 4.343979 0.000000 -0.690780
v 4.158726 0.000000 -3.295252
v 3.895239 0.000000 -4.071702
v 4.085360 0.000000 -3.242178
v 3.784873 0.000000 -3.978881
v 3.908247 0.000000 -3.150642
v 4.177451 0.000000 -2.383966
v 4.085141 0.000000 -1.525797
v 4.191328 0.000000 -0.693686
v 3.719941 0.000000 -4.856117
v 3.527212 0.000000 -5.519491
v 3.646142 0.000000 -4.777761
v 3.451372 0.000000 -6.197895
v 3.373294 0.000000 -6.099944
v 3.200801 0.000000 -5.891737
v 3.403252 0.000000 -5.388763
v 3.476151 0.000000 -4.628217
v 3.184306 0.000000 -5.176937
v 3.214804 0.000000 -4.460969
v 3.565952 0.000000 -3.846369
v 2.955521 0.000000 -5.618321
v 2.897569 0.000000 -4.995938
v 3.240468 0.000000 -3.754564
v 3.921050 0.000000 -2.319252
v 3.745271 0.000000 -1.501850
v 3.894063 0.000000 -0.695187
v 3.617409 0.000000 -3.062159
v 3.550504 0.000000 -2.282503
v 3.468368 0.000000 -0.703112
v 3.910850 0.000000 4.693172
v 4.063033 0.000000 4.051072
v 3.833204 0.000000 4.592415
v 4.298802 0.000000 3.414346
v 4.424064 0.000000 2.645871
v 4.218763 0.000000 3.332165
v 4.286218 0.000000 2.546488
v 4.024368 0.000000 3.174314
v 3.936809 0.000000 3.915402
v 3.655644 0.000000 4.379213
v 4.506907 0.000000 1.885848
v 4.439697 0.000000 1.035457
v 4.407444 0.000000 1.828651
v 4.429482 0.000000 0.194293
v 4.323041 0.000000 0.166769
v 4.077280 0.000000 0.133053
v 4.266309 0.000000 0.979575
v 4.172898 0.000000 1.727920
v 3.939834 0.000000 0.905347
v 3.795955 0.000000 1.626837
v 4.006751 0.000000 2.402673
v 3.692922 0.000000 0.095729
v 3.491086 0.000000 0.856062
v 3.587313 0.000000 2.297442
v 3.695966 0.000000 3.696115
v 3.387279 0.000000 4.101976
v 3.702748 0.000000 2.996054
v 3.347829 0.000000 3.506089
v -4.715692 0.000000 0.325108
v -4.621000 0.000000 1.253251
v -4.628784 0.000000 0.310436
v -4.726816 0.000000 -0.670126
v -4.565620 0.000000 2.097414
v -4.423517 0.000000 2.794277
v -4.483236 0.000000 2.056183
v -4.293389 0.000000 2.726104
v -4.283222 0.000000 1.985941
v -4.486544 0.000000 1.213064
v -4.421813 0.000000 0.287809
v -4.583322 0.000000 -0.665852
v -4.330960 0.000000 3.419944
v -4.171032 0.000000 3.919156
v -4.254134 0.000000 3.364509
v -4.069611 0.000000 4.426279
v -4.002565 0.000000 4.355675
v -3.841409 0.000000 4.204844
v -4.054965 0.000000 3.827322
v -4.067291 0.000000 3.258248
v -3.823570 0.000000 3.677047
v -3.754437 0.000000 3.138050
v -4.030742 0.000000 2.628156
v -3.581239 0.000000 4.006223
v -3.478614 0.000000 3.548395
v -3.628469 0.000000 2.560518
v -4.215914 0.000000 1.163057
v -4.074659 0.000000 0.271448
v -4.299158 0.000000 -0.657619
v -3.945070 0.000000 1.918760
v -3.799614 0.000000 1.136801
v -3.867540 0.000000 -0.650154
v -4.212467 0.000000 -6.358412
v -4.346451 0.000000 -5.725711
v -4.141917 0.000000 -6.277759
v -4.564278 0.000000 -5.087104
v -4.690098 0.000000 -4.319904
v -4.480546 0.000000 -5.021911
v -4.542345 0.000000 -4.241579
v -4.271929 0.000000 -4.896684
v -4.222167 0.000000 -5.617312
v -3.968406 0.000000 -6.103048
v -4.812329 0.000000 -3.522894
v -4.797411 0.000000 -2.612456
v -4.716836 0.000000 -3.475779
v -4.811844 0.000000 -1.666873
v -4.717203 0.000000 -1.646556
v -4.494837 0.000000 -1.613201
v -4.643920 0.000000 -2.565429
v -4.486224 0.000000 -3.395409
v -4.339059 0.000000 -2.503598
v -4.095780 0.000000 -3.314819
v -4.238711 0.000000 -4.127471
v -4.125487 0.000000 -1.580550
v -3.876334 0.000000 -2.464744
v -3.766418 0.000000 -4.045506
v -3.965899 0.000000 -5.437135
v -3.678568 0.000000 -5.866271
v -3.911366 0.000000 -4.751872
v -3.570155 0.000000 -5.278852
v 0.890729 0.000000 7.061925
v 1.402353 0.000000 6.940711
v 0.883733 0.000000 6.893045
v 0.332241 0.000000 6.966027
v 1.901623 0.000000 6.874506
v 2.344012 0.000000 6.611338
v 1.874540 0.000000 6.716619
v 2.289891 0.000000 6.375304
v 1.820358 0.000000 6.351347
v 1.376650 0.000000 6.682411
v 0.860408 0.000000 6.508086
v 0.326635 0.000000 6.701549
v 2.776036 0.000000 6.406794
v 3.120128 0.000000 6.026743
v 2.729141 0.000000 6.267328
v 3.454200 0.000000 5.685988
v 3.679601 0.000000 5.180223
v 3.388033 0.000000 5.566778
v 3.565094 0.000000 5.011243
v 3.240329 0.000000 5.296186
v 3.032846 0.000000 5.822288
v 2.628460 0.000000 5.941942
v 2.874689 0.000000 5.438598
v 2.482733 0.000000 5.429544
v 2.193613 0.000000 5.924329
v 3.354560 0.000000 4.711935
v 3.028151 0.000000 4.894880
v 3.100238 0.000000 4.367541
v 2.846870 0.000000 4.372599
v 2.691319 0.000000 4.894807
v 2.339565 0.000000 4.721247
v 2.072576 0.000000 5.279722
v 1.331905 0.000000 6.195526
v 0.824885 0.000000 5.916976
v 0.307760 0.000000 6.209424
v 1.740448 0.000000 5.778343
v 1.642656 0.000000 5.015958
v 1.269094 0.000000 5.518119
v 0.777796 0.000000 5.156417
v 0.287460 0.000000 5.541012
v -3.644770 0.000000 5.269657
v -3.269041 0.000000 5.592762
v -3.587258 0.000000 5.177439
v -3.873732 0.000000 4.833616
v -2.816576 0.000000 5.961176
v -2.235499 0.000000 6.201206
v -2.776088 0.000000 5.843150
v -2.195260 0.000000 5.992128
v -2.689981 0.000000 5.565579
v -3.191040 0.000000 5.425811
v -3.455085 0.000000 4.965679
v -3.774696 0.000000 4.708453
v -1.606731 0.000000 6.518634
v -0.933710 0.000000 6.681593
v -1.589737 0.000000 6.373767
v -0.285730 0.000000 6.923081
v -0.280813 0.000000 6.758195
v -0.284962 0.000000 6.382503
v -0.925365 0.000000 6.435857
v -1.559353 0.000000 6.038118
v -0.913512 0.000000 5.975728
v -1.506862 0.000000 5.519509
v -2.119913 0.000000 5.594299
v -0.289774 0.000000 5.810233
v -0.279337 0.000000 5.086569
v -0.883554 0.000000 5.349769
v -1.429444 0.000000 4.853078
v -2.014901 0.000000 5.038387
v -3.045597 0.000000 5.111475
v -3.253561 0.000000 4.650321
v -3.581317 0.000000 4.484519
v -2.557626 0.000000 5.132234
v -2.414934 0.000000 4.548774
v -2.866240 0.000000 4.669528
v -3.056872 0.000000 4.240876
v -3.328668 0.000000 4.225129
v -2.723223 0.000000 4.063515
v -2.998534 0.000000 3.584466
v -3.235822 0.000000 3.888862
v -1.906520 0.000000 4.333054
v -2.309847 0.000000 3.788501
v -1.843573 0.000000 3.423884
v -2.303241 0.000000 2.751740
v -2.681761 0.000000 3.218670
v -3.063067 0.000000 2.601276
v -3.302896 0.000000 3.098948
v -0.828830 0.000000 4.581317
v -1.351392 0.000000 4.027810
v 0.262850 0.000000 4.715638
v -0.268732 0.000000 4.197837
v 0.218570 0.000000 3.667346
v -0.298429 0.000000 3.017927
v -0.803739 0.000000 3.608745
v -1.339861 0.000000 2.924887
v -0.829420 0.000000 2.230989
v -1.396398 0.000000 1.333744
v -1.879127 0.000000 2.131057
v 0.189020 0.000000 2.219949
v -0.324117 0.000000 1.349977
v 0.181390 0.000000 0.340217
v -0.368468 0.000000 -0.677347
v -0.887658 0.000000 0.369631
v -1.461027 0.000000 -0.658961
v -1.962725 0.000000 0.352174
v -2.770507 0.000000 1.996939
v -3.208715 0.000000 1.170494
v -3.452282 0.000000 1.908579
v -2.405633 0.000000 1.255280
v -2.459631 0.000000 -0.649256
v -2.875427 0.000000 0.309818
v -3.265027 0.000000 -0.647515
v -3.570836 0.000000 0.274410
v 1.188233 0.000000 4.656087
v 0.714308 0.000000 4.204860
v 1.959830 0.000000 4.426999
v 1.552040 0.000000 4.034294
v 1.921669 0.000000 3.309148
v 1.527760 0.000000 2.753417
v 1.117626 0.000000 3.545491
v 0.662511 0.000000 2.952301
v 2.580416 0.000000 4.129432
v 2.269507 0.000000 3.766965
v 3.048312 0.000000 3.931095
v 2.872426 0.000000 3.530499
v 3.244675 0.000000 2.925005
v 3.026330 0.000000 2.332445
v 2.641382 0.000000 3.060360
v 2.325960 0.000000 2.515388
v 2.681834 0.000000 1.694174
v 2.317376 0.000000 0.984304
v 1.950974 0.000000 1.877122
v 3.296243 0.000000 1.596661
v 2.948539 0.000000 0.880333
v 3.198317 0.000000 0.084045
v 2.936027 0.000000 -0.711127
v 2.618114 0.000000 0.115443
v 2.314263 0.000000 -0.716051
v 1.950096 0.000000 0.182866
v 1.116275 0.000000 2.077744
v 0.675181 0.000000 1.273221
v 1.565462 0.000000 1.131244
v 1.583823 0.000000 -0.713378
v 1.147479 0.000000 0.266483
v 0.684162 0.000000 -0.699454
v 1.183914 0.000000 -1.685280
v 0.660053 0.000000 -2.681166
v 0.150340 0.000000 -1.719516
v 2.050080 0.000000 -1.616462
v 1.664073 0.000000 -2.566800
v 2.000439 0.000000 -3.330787
v 1.459161 0.000000 -4.224689
v 1.110810 0.000000 -3.513309
v 0.553885 0.000000 -4.406751
v 0.100214 0.000000 -3.624560
v 2.731540 0.000000 -1.548100
v 2.466937 0.000000 -2.427460
v 3.290288 0.000000 -1.503226
v 3.071571 0.000000 -2.317880
v 3.213934 0.000000 -3.044294
v 2.793312 0.000000 -3.802758
v 2.684323 0.000000 -3.150407
v 2.209128 0.000000 -3.992491
v 2.385671 0.000000 -4.557413
v 2.034347 0.000000 -5.311134
v 1.768648 0.000000 -4.822692
v 2.859296 0.000000 -4.403899
v 2.530664 0.000000 -5.040074
v 2.670998 0.000000 -5.455163
v 2.524762 0.000000 -5.943282
v 2.286314 0.000000 -5.693385
v 2.017691 0.000000 -6.361001
v 1.680702 0.000000 -6.048202
v 0.959271 0.000000 -5.067789
v 0.470433 0.000000 -5.827162
v 0.048333 0.000000 -5.206786
v 1.333705 0.000000 -5.614140
v 1.258838 0.000000 -6.730710
v 0.865526 0.000000 -6.335328
v 0.379009 0.000000 -6.958883
v -0.036478 0.000000 -6.476787
v -2.878574 0.000000 -1.606707
v -3.234736 0.000000 -2.491624
v -3.595931 0.000000 -1.573639
v -1.965631 0.000000 -1.659336
v -2.399809 0.000000 -2.578460
v -1.863662 0.000000 -3.517901
v -2.277273 0.000000 -4.239267
v -2.777158 0.000000 -3.383952
v -3.109179 0.000000 -4.085820
v -3.531441 0.000000 -3.295649
v -0.925922 0.000000 -1.706190
v -1.426775 0.000000 -2.671724
v -0.399301 0.000000 -2.718696
v -0.399555 0.000000 -4.468892
v -0.890654 0.000000 -3.618615
v -1.346466 0.000000 -4.396853
v -0.882550 0.000000 -5.190475
v -1.400797 0.000000 -5.778883
v -1.815382 0.000000 -5.041678
v -0.453526 0.000000 -5.886224
v -0.593437 0.000000 -7.002235
v -1.009209 0.000000 -6.436825
v -1.600701 0.000000 -6.854702
v -1.951164 0.000000 -6.233461
v -2.675135 0.000000 -4.833544
v -3.019118 0.000000 -5.319007
v -3.382081 0.000000 -4.701147
v -2.288350 0.000000 -5.550920
v 0.888474 0.000000 6.993350
v 1.890072 0.000000 6.810698
v 1.851047 0.000000 6.562001
v 0.874019 0.000000 6.729280
v 2.756555 0.000000 6.350665
v 3.427162 0.000000 5.637636
v 3.324725 0.000000 5.450908
v 2.685863 0.000000 6.129577
v 2.558673 0.000000 5.708962
v 3.137934 0.000000 5.108773
v 2.921586 0.000000 4.660718
v 2.406873 0.000000 5.102600
v 0.843979 0.000000 6.235497
v 1.783237 0.000000 6.089160
v 1.692755 0.000000 5.421796
v 0.803277 0.000000 5.557985
v -3.621438 0.000000 5.232429
v -2.799601 0.000000 5.913876
v -2.739497 0.000000 5.725576
v -3.531383 0.000000 5.086929
v -1.599116 0.000000 6.460195
v -0.282539 0.000000 6.856155
v -0.282018 0.000000 6.598163
v -1.576830 0.000000 6.231367
v -1.536259 0.000000 5.799144
v -0.288455 0.000000 6.117661
v -0.286197 0.000000 5.466811
v -1.470472 0.000000 5.204270
v -3.359641 0.000000 4.818472
v -2.627690 0.000000 5.367580
v -2.484789 0.000000 4.860191
v -3.145358 0.000000 4.466241
v -3.009944 0.000000 3.948870
v -2.353817 0.000000 4.195303
v -2.291440 0.000000 3.317088
v -3.016599 0.000000 3.141907
v -1.386128 0.000000 4.465584
v -0.270813 0.000000 4.668680
v -0.281203 0.000000 3.658737
v -1.336101 0.000000 3.525782
v -1.362279 0.000000 2.190516
v -0.310611 0.000000 2.241957
v -0.345313 0.000000 0.361137
v -1.435259 0.000000 0.365650
v -3.136866 0.000000 1.942657
v -2.349898 0.000000 2.063135
v -2.444669 0.000000 0.332181
v -3.249338 0.000000 0.289229
v 0.747083 0.000000 4.710159
v 1.592648 0.000000 4.557263
v 1.530138 0.000000 3.435627
v 0.682641 0.000000 3.626164
v 2.289284 0.000000 4.278604
v 2.832632 0.000000 3.996836
v 2.959808 0.000000 2.970658
v 2.293709 0.000000 3.178624
v 2.330328 0.000000 1.779062
v 3.003545 0.000000 1.630994
v 2.918401 0.000000 0.094490
v 2.297668 0.000000 0.145772
v 0.664345 0.000000 2.161500
v 1.545720 0.000000 1.979817
v 1.568429 0.000000 0.224117
v 0.682060 0.000000 0.306925
v 0.680671 0.000000 -1.707979
v 1.640847 0.000000 -1.653051
v 1.578069 0.000000 -3.426519
v 0.610777 0.000000 -3.581534
v 2.410221 0.000000 -1.580680
v 3.024309 0.000000 -1.521113
v 2.966136 0.000000 -3.083844
v 2.365807 0.000000 -3.235736
v 2.099199 0.000000 -4.684710
v 2.638407 0.000000 -4.458375
v 2.499325 0.000000 -5.537238
v 2.012900 0.000000 -5.870507
v 0.510418 0.000000 -5.154486
v 1.383676 0.000000 -4.953788
v 1.291337 0.000000 -6.206067
v 0.423989 0.000000 -6.427208
v -3.262076 0.000000 -1.586115
v -2.443146 0.000000 -1.632129
v -2.334215 0.000000 -3.450274
v -3.177255 0.000000 -3.329096
v -1.455869 0.000000 -1.685286
v -0.387855 0.000000 -1.718260
v -0.398633 0.000000 -3.635749
v -1.380736 0.000000 -3.576674
v -1.352678 0.000000 -5.128980
v -0.415768 0.000000 -5.217596
v -0.519082 0.000000 -6.479141
v -1.492246 0.000000 -6.352393
v -3.050050 0.000000 -4.749083
v -2.259891 0.000000 -4.937138
v -2.368932 0.000000 -6.087650
v -3.035632 0.000000 -5.795717
v -3.211605 0.000000 -6.462910
v -2.595253 0.000000 -6.941581
v -2.809531 0.000000 -7.540050
v -3.470207 0.000000 -6.883216
v -1.699840 0.000000 -7.291005
v -0.657596 0.000000 -7.461399
v -0.739232 0.000000 -8.200179
v -1.848156 0.000000 -7.981362
v -1.926360 0.000000 -8.442378
v -0.767427 0.000000 -8.704033
v -0.772265 0.000000 -8.961938
v -1.959963 0.000000 -8.674028
v -3.668020 0.000000 -7.183753
v -2.958132 0.000000 -7.930378
v -3.031450 0.000000 -8.125972
v -3.768382 0.000000 -7.340545
v 0.343412 0.000000 -7.426447
v 1.238475 0.000000 -7.189206
v 1.235099 0.000000 -7.922062
v 0.305922 0.000000 -8.181190
v 2.031548 0.000000 -6.780788
v 2.587347 0.000000 -6.251623
v 2.756809 0.000000 -6.719373
v 2.087371 0.000000 -7.434074
v 2.158627 0.000000 -7.870711
v 2.907701 0.000000 -7.065512
v 2.993288 0.000000 -7.250814
v 2.207589 0.000000 -8.094128
v 0.303779 0.000000 -8.698498
v 1.263491 0.000000 -8.418816
v 1.290720 0.000000 -8.671670
v 0.314426 0.000000 -8.964446
v 4.349245 0.000000 -1.567902
v 4.129508 0.000000 -3.271929
v 4.011352 0.000000 -3.199569
v 4.207456 0.000000 -1.543649
v 3.690144 0.000000 -4.822590
v 3.419431 0.000000 -6.157304
v 3.298766 0.000000 -6.009044
v 3.573730 0.000000 -4.710328
v 3.356644 0.000000 -4.539354
v 3.084354 0.000000 -5.755156
v 2.820399 0.000000 -5.500257
v 3.050224 0.000000 -4.410291
v 3.930492 0.000000 -1.511498
v 3.776812 0.000000 -3.101938
v 3.430404 0.000000 -3.040005
v 3.531240 0.000000 -1.497949
v 3.879394 0.000000 4.651381
v 4.267010 0.000000 3.379257
v 4.137609 0.000000 3.261067
v 3.757547 0.000000 4.499101
v 4.466936 0.000000 1.860849
v 4.386420 0.000000 0.180960
v 4.219030 0.000000 0.150859
v 4.308912 0.000000 1.782055
v 4.000965 0.000000 1.673110
v 3.900690 0.000000 0.113172
v 3.457644 0.000000 0.085239
v 3.560714 0.000000 1.598315
v 3.530718 0.000000 4.240529
v 3.879864 0.000000 3.080252
v 3.491670 0.000000 2.938887
v 3.229835 0.000000 3.982487
v -4.680801 0.000000 0.318511
v -4.532808 0.000000 2.079227
v -4.400144 0.000000 2.023423
v -4.542514 0.000000 0.299404
v -4.300421 0.000000 3.396239
v -4.042866 0.000000 4.397070
v -3.935151 0.000000 4.289907
v -4.176353 0.000000 3.316728
v -3.927161 0.000000 3.194420
v -3.722125 0.000000 4.105562
v -3.422696 0.000000 3.920984
v -3.547595 0.000000 3.101945
v -4.266503 0.000000 0.278043
v -4.132160 0.000000 1.948731
v -3.720064 0.000000 1.902995
v -3.844357 0.000000 0.269360
v -4.184519 0.000000 -6.325160
v -4.531248 0.000000 -5.059205
v -4.394497 0.000000 -4.965827
v -4.070009 0.000000 -6.202064
v -4.774189 0.000000 -3.502074
v -4.773653 0.000000 -1.657794
v -4.624233 0.000000 -1.630999
v -4.621055 0.000000 -3.438534
v -4.311718 0.000000 -3.351471
v -4.329108 0.000000 -1.595240
v -3.882414 0.000000 -1.572567
v -3.836653 0.000000 -3.293550
v -3.836720 0.000000 -5.985686
v -4.111667 0.000000 -4.820210
v -3.668679 0.000000 -4.707130
v -3.497566 0.000000 -5.761095
vt 0.025995 0.495216
vt 0.022795 0.462116
vt 0.026862 0.462055
vt 0.030060 0.494911
vt 0.024543 0.431235
vt 0.028518 0.431479
vt 0.034347 0.431799
vt 0.032814 0.462051
vt 0.036011 0.494654
vt 0.031019 0.401730
vt 0.034829 0.402233
vt 0.041741 0.374047
vt 0.045343 0.374790
vt 0.050676 0.375795
vt 0.040444 0.402886
vt 0.049664 0.403838
vt 0.043884 0.432268
vt 0.059471 0.377324
vt 0.071477 0.379325
vt 0.062224 0.405057
vt 0.056817 0.432857
vt 0.042537 0.462161
vt 0.045735 0.494492
vt 0.055672 0.462339
vt 0.058837 0.494366
vt 0.056225 0.348630
vt 0.059603 0.349624
vt 0.074595 0.325938
vt 0.077748 0.327178
vt 0.082413 0.328944
vt 0.064615 0.351011
vt 0.096973 0.306430
vt 0.099912 0.307894
vt 0.123534 0.290008
vt 0.126276 0.291648
vt 0.130229 0.294043
vt 0.104219 0.310009
vt 0.111259 0.313428
vt 0.090101 0.331765
vt 0.136606 0.297947
vt 0.144980 0.303180
vt 0.120659 0.317985
vt 0.100492 0.335507
vt 0.072894 0.353182
vt 0.084166 0.356047
vt 0.098158 0.359517
vt 0.086444 0.381744
vt 0.113266 0.340038
vt 0.128429 0.344830
vt 0.114916 0.363220
vt 0.104295 0.384392
vt 0.132045 0.323515
vt 0.154924 0.309561
vt 0.165568 0.316558
vt 0.145021 0.329407
vt 0.159187 0.335051
vt 0.145983 0.349350
vt 0.176037 0.323640
vt 0.184631 0.329192
vt 0.176458 0.338656
vt 0.166765 0.352640
vt 0.134489 0.366782
vt 0.124952 0.387079
vt 0.157258 0.369684
vt 0.148684 0.389496
vt 0.071857 0.462538
vt 0.074925 0.494213
vt 0.072837 0.433535
vt 0.091690 0.434346
vt 0.090770 0.462765
vt 0.093623 0.493956
vt 0.077852 0.406510
vt 0.096375 0.408161
vt 0.117620 0.409972
vt 0.113121 0.435331
vt 0.141790 0.411785
vt 0.137299 0.436451
vt 0.112085 0.463025
vt 0.114556 0.493517
vt 0.135932 0.463393
vt 0.137815 0.493031
vt 0.166385 0.739443
vt 0.141797 0.725557
vt 0.143935 0.724070
vt 0.168264 0.737873
vt 0.119170 0.705594
vt 0.121599 0.704231
vt 0.125230 0.702276
vt 0.147093 0.721890
vt 0.170985 0.735534
vt 0.098501 0.678489
vt 0.101253 0.677350
vt 0.079545 0.645640
vt 0.082638 0.644767
vt 0.087251 0.643587
vt 0.105374 0.675757
vt 0.112231 0.673256
vt 0.131262 0.699138
vt 0.094903 0.641791
vt 0.105323 0.639342
vt 0.121563 0.669870
vt 0.139428 0.694897
vt 0.152293 0.718325
vt 0.175392 0.731654
vt 0.159254 0.713463
vt 0.181194 0.726308
vt 0.062058 0.608442
vt 0.065496 0.607825
vt 0.046757 0.569490
vt 0.050497 0.569057
vt 0.055999 0.568543
vt 0.070587 0.607024
vt 0.034359 0.531377
vt 0.038312 0.530999
vt 0.044107 0.530618
vt 0.053585 0.530236
vt 0.065023 0.567866
vt 0.066362 0.529798
vt 0.077217 0.566984
vt 0.078981 0.605856
vt 0.090373 0.604273
vt 0.104455 0.602227
vt 0.118242 0.636201
vt 0.092231 0.565858
vt 0.109687 0.564345
vt 0.120928 0.599692
vt 0.133479 0.632508
vt 0.082052 0.529253
vt 0.100257 0.528458
vt 0.120579 0.527271
vt 0.129206 0.562307
vt 0.143071 0.525785
vt 0.150816 0.559800
vt 0.139488 0.596642
vt 0.150856 0.628404
vt 0.160163 0.593215
vt 0.170441 0.624144
vt 0.167698 0.707394
vt 0.188100 0.719568
vt 0.149458 0.689634
vt 0.161354 0.683778
vt 0.177352 0.700635
vt 0.195489 0.711927
vt 0.133108 0.665620
vt 0.146842 0.660803
vt 0.162741 0.655717
vt 0.175114 0.677759
vt 0.180980 0.650696
vt 0.191327 0.672161
vt 0.187942 0.693706
vt 0.202738 0.703873
vt 0.201033 0.687826
vt 0.208608 0.696664
vt 0.218188 0.684217
vt 0.222383 0.697419
vt 0.210585 0.667569
vt 0.233451 0.664309
vt 0.239730 0.682505
vt 0.243375 0.697733
vt 0.201733 0.646073
vt 0.192306 0.619982
vt 0.217221 0.616348
vt 0.225692 0.642312
vt 0.253550 0.639881
vt 0.260487 0.662710
vt 0.245954 0.613669
vt 0.280437 0.612175
vt 0.287056 0.638971
vt 0.293194 0.662770
vt 0.265984 0.682315
vt 0.269341 0.699143
vt 0.298125 0.683527
vt 0.301294 0.701485
vt 0.182981 0.589549
vt 0.174546 0.556883
vt 0.201317 0.554260
vt 0.208800 0.586248
vt 0.167788 0.524093
vt 0.163491 0.492630
vt 0.192481 0.492361
vt 0.195658 0.522631
vt 0.227610 0.521836
vt 0.232055 0.552632
vt 0.225680 0.492270
vt 0.264777 0.491677
vt 0.265598 0.521032
vt 0.268826 0.551466
vt 0.238479 0.583914
vt 0.274066 0.582427
vt 0.317610 0.581664
vt 0.322599 0.612094
vt 0.313699 0.550230
vt 0.365753 0.549133
vt 0.368433 0.581245
vt 0.371990 0.612379
vt 0.311575 0.519545
vt 0.311458 0.489901
vt 0.364523 0.487492
vt 0.364424 0.517806
vt 0.423030 0.516246
vt 0.424069 0.548380
vt 0.422771 0.485003
vt 0.483700 0.482732
vt 0.484581 0.514662
vt 0.485545 0.547180
vt 0.425862 0.580790
vt 0.428160 0.611980
vt 0.486599 0.579399
vt 0.487715 0.610222
vt 0.337330 0.686022
vt 0.340245 0.704599
vt 0.333074 0.664486
vt 0.379855 0.666111
vt 0.383253 0.688077
vt 0.385744 0.706940
vt 0.327959 0.639773
vt 0.375949 0.640773
vt 0.430714 0.640456
vt 0.433264 0.665895
vt 0.488865 0.638549
vt 0.489995 0.664011
vt 0.435546 0.687974
vt 0.437338 0.706966
vt 0.491053 0.686237
vt 0.492031 0.705457
vt 0.162440 0.463943
vt 0.164387 0.437669
vt 0.195148 0.438557
vt 0.192449 0.464447
vt 0.169089 0.413442
vt 0.175758 0.391331
vt 0.206703 0.391874
vt 0.200167 0.414360
vt 0.235673 0.413954
vt 0.230340 0.438691
vt 0.242048 0.390412
vt 0.281996 0.387728
vt 0.276070 0.412154
vt 0.270770 0.437545
vt 0.226800 0.464676
vt 0.266753 0.463950
vt 0.183607 0.371402
vt 0.191612 0.353741
vt 0.220831 0.352081
vt 0.213955 0.371119
vt 0.198745 0.338430
vt 0.202024 0.325474
vt 0.228603 0.319454
vt 0.226241 0.334749
vt 0.259138 0.327984
vt 0.254732 0.347092
vt 0.261031 0.310988
vt 0.298332 0.304435
vt 0.296734 0.322231
vt 0.293046 0.342194
vt 0.248719 0.368013
vt 0.287894 0.364217
vt 0.331476 0.361865
vt 0.326748 0.384604
vt 0.335503 0.340812
vt 0.381179 0.340820
vt 0.378566 0.360371
vt 0.375403 0.381740
vt 0.338329 0.321585
vt 0.339529 0.304158
vt 0.383560 0.305963
vt 0.382928 0.322707
vt 0.429539 0.322257
vt 0.429152 0.340095
vt 0.429361 0.305655
vt 0.476133 0.302483
vt 0.477185 0.318923
vt 0.478254 0.336688
vt 0.428268 0.359153
vt 0.427060 0.379837
vt 0.479244 0.355720
vt 0.480199 0.376366
vt 0.313568 0.461591
vt 0.317243 0.434595
vt 0.368776 0.430919
vt 0.366128 0.458422
vt 0.321820 0.408890
vt 0.372004 0.405307
vt 0.425702 0.402551
vt 0.424391 0.427594
vt 0.481163 0.398973
vt 0.482081 0.424093
vt 0.423319 0.455265
vt 0.482897 0.452277
vt 0.542616 0.449615
vt 0.544808 0.480981
vt 0.539841 0.419885
vt 0.595848 0.417387
vt 0.600292 0.448068
vt 0.603638 0.479622
vt 0.536634 0.392924
vt 0.533304 0.368800
vt 0.585257 0.363509
vt 0.590666 0.388951
vt 0.641809 0.391597
vt 0.648277 0.419014
vt 0.634940 0.366864
vt 0.681461 0.373072
vt 0.689402 0.396367
vt 0.696712 0.421996
vt 0.653738 0.448424
vt 0.657738 0.478529
vt 0.702756 0.449445
vt 0.707060 0.477692
vt 0.530161 0.347580
vt 0.527319 0.328649
vt 0.575590 0.323032
vt 0.580133 0.341814
vt 0.524888 0.311393
vt 0.523073 0.295696
vt 0.569449 0.291434
vt 0.571926 0.306329
vt 0.617574 0.310393
vt 0.622316 0.326888
vt 0.614528 0.295834
vt 0.657118 0.304483
vt 0.660628 0.318580
vt 0.666330 0.334604
vt 0.628274 0.345503
vt 0.673522 0.352626
vt 0.714817 0.357166
vt 0.723926 0.376343
vt 0.706466 0.340568
vt 0.742449 0.343774
vt 0.752089 0.359224
vt 0.762346 0.377675
vt 0.699884 0.325886
vt 0.696030 0.312964
vt 0.730260 0.319201
vt 0.734629 0.330611
vt 0.764152 0.331052
vt 0.774003 0.343219
vt 0.758805 0.321122
vt 0.777863 0.321481
vt 0.788119 0.328391
vt 0.800976 0.340442
vt 0.785267 0.358902
vt 0.796732 0.378064
vt 0.814292 0.357224
vt 0.827077 0.377766
vt 0.747149 0.449892
vt 0.751559 0.477100
vt 0.740739 0.423565
vt 0.780478 0.424481
vt 0.787088 0.450346
vt 0.791461 0.477218
vt 0.732783 0.398762
vt 0.772021 0.399843
vt 0.807185 0.400667
vt 0.816049 0.425509
vt 0.838339 0.401099
vt 0.847592 0.426323
vt 0.822745 0.451389
vt 0.826990 0.478509
vt 0.854350 0.452540
vt 0.858439 0.480258
vt 0.546616 0.683391
vt 0.546827 0.703192
vt 0.546744 0.660627
vt 0.601356 0.655796
vt 0.600149 0.679196
vt 0.599693 0.699691
vt 0.547010 0.634776
vt 0.547263 0.606427
vt 0.604471 0.601190
vt 0.602915 0.629517
vt 0.654344 0.623154
vt 0.651678 0.649566
vt 0.657009 0.595103
vt 0.704630 0.590048
vt 0.700894 0.617538
vt 0.697149 0.643561
vt 0.649568 0.673410
vt 0.648596 0.694474
vt 0.694176 0.667227
vt 0.692753 0.688227
vt 0.547349 0.576173
vt 0.547080 0.544738
vt 0.606143 0.541325
vt 0.605669 0.571644
vt 0.546264 0.512848
vt 0.605527 0.510679
vt 0.659819 0.508031
vt 0.660204 0.537210
vt 0.709147 0.505716
vt 0.709244 0.533739
vt 0.659115 0.566344
vt 0.707576 0.561982
vt 0.750938 0.560267
vt 0.747086 0.587910
vt 0.753242 0.532259
vt 0.792518 0.533005
vt 0.789552 0.561268
vt 0.784759 0.588732
vt 0.753520 0.504546
vt 0.793212 0.504880
vt 0.828502 0.507075
vt 0.827391 0.536212
vt 0.859683 0.509989
vt 0.858126 0.540371
vt 0.823766 0.565050
vt 0.818031 0.592558
vt 0.853814 0.570043
vt 0.847086 0.597915
vt 0.733275 0.661839
vt 0.731382 0.681633
vt 0.737209 0.639403
vt 0.772232 0.637876
vt 0.766929 0.658387
vt 0.764337 0.676101
vt 0.742161 0.614524
vt 0.778581 0.614463
vt 0.810586 0.617707
vt 0.802590 0.639766
vt 0.838286 0.622898
vt 0.828293 0.644122
vt 0.795199 0.658008
vt 0.791471 0.673037
vt 0.817989 0.660718
vt 0.809226 0.670930
vt 0.835200 0.666529
vt 0.817514 0.678336
vt 0.849349 0.649990
vt 0.866645 0.656450
vt 0.848817 0.673738
vt 0.827256 0.686740
vt 0.861786 0.628677
vt 0.872112 0.603325
vt 0.893386 0.608323
vt 0.881497 0.634459
vt 0.897828 0.639660
vt 0.881065 0.662582
vt 0.911187 0.612442
vt 0.925654 0.615657
vt 0.911031 0.644038
vt 0.892812 0.667959
vt 0.860820 0.680643
vt 0.836803 0.694523
vt 0.871007 0.686734
vt 0.845468 0.701241
vt 0.879926 0.574671
vt 0.884987 0.543971
vt 0.908165 0.546765
vt 0.902323 0.578598
vt 0.887050 0.512481
vt 0.886103 0.481748
vt 0.910141 0.482749
vt 0.910772 0.514305
vt 0.931021 0.515213
vt 0.927856 0.548508
vt 0.930711 0.483030
vt 0.947757 0.482839
vt 0.947754 0.515497
vt 0.944053 0.549482
vt 0.921220 0.581488
vt 0.936673 0.583503
vt 0.948737 0.584807
vt 0.936927 0.617943
vt 0.956750 0.549967
vt 0.965884 0.550166
vt 0.957374 0.585613
vt 0.944977 0.619482
vt 0.960931 0.515449
vt 0.961220 0.482420
vt 0.970972 0.481903
vt 0.970451 0.515230
vt 0.976214 0.515002
vt 0.971389 0.550285
vt 0.976887 0.481417
vt 0.980883 0.480945
vt 0.980098 0.514769
vt 0.975078 0.550363
vt 0.962547 0.586137
vt 0.949772 0.620454
vt 0.965989 0.586520
vt 0.952940 0.621144
vt 0.879176 0.691500
vt 0.852563 0.706454
vt 0.902090 0.672156
vt 0.908781 0.675177
vt 0.885147 0.694926
vt 0.857849 0.710165
vt 0.921359 0.647348
vt 0.928752 0.649683
vt 0.933148 0.651132
vt 0.912772 0.677027
vt 0.936045 0.652140
vt 0.915412 0.678292
vt 0.888744 0.696996
vt 0.861084 0.712380
vt 0.891153 0.698388
vt 0.863293 0.713845
vt 0.882133 0.453317
vt 0.875245 0.426598
vt 0.899204 0.426360
vt 0.906267 0.453631
vt 0.865542 0.401001
vt 0.853378 0.377035
vt 0.875892 0.375776
vt 0.889005 0.400348
vt 0.908939 0.399116
vt 0.919665 0.425637
vt 0.894882 0.373896
vt 0.910448 0.371746
vt 0.925357 0.397582
vt 0.936583 0.424623
vt 0.926924 0.453390
vt 0.944041 0.452795
vt 0.839106 0.355209
vt 0.823216 0.336981
vt 0.841634 0.333101
vt 0.860089 0.352827
vt 0.806197 0.323809
vt 0.786118 0.315571
vt 0.796150 0.308354
vt 0.820565 0.318196
vt 0.833407 0.312446
vt 0.857142 0.329063
vt 0.806223 0.301066
vt 0.815546 0.294311
vt 0.844462 0.307056
vt 0.869919 0.325199
vt 0.877624 0.350046
vt 0.891942 0.347190
vt 0.903272 0.344586
vt 0.922695 0.369675
vt 0.880148 0.321841
vt 0.887613 0.319206
vt 0.911463 0.342462
vt 0.931511 0.367921
vt 0.853471 0.302528
vt 0.823329 0.288692
vt 0.829216 0.284458
vt 0.860145 0.299080
vt 0.864198 0.296934
vt 0.892095 0.317513
vt 0.832854 0.281853
vt 0.835367 0.280064
vt 0.866940 0.295437
vt 0.895086 0.316292
vt 0.916360 0.341051
vt 0.936786 0.366720
vt 0.919611 0.339997
vt 0.940289 0.365795
vt 0.957556 0.452045
vt 0.949915 0.423516
vt 0.959547 0.422495
vt 0.967342 0.451285
vt 0.938268 0.396022
vt 0.947571 0.394653
vt 0.953161 0.393691
vt 0.965364 0.421744
vt 0.956895 0.392932
vt 0.969274 0.421127
vt 0.973271 0.450658
vt 0.977272 0.450098
vt 0.471504 0.233372
vt 0.524063 0.230695
vt 0.523891 0.232818
vt 0.471976 0.235624
vt 0.576099 0.230736
vt 0.575271 0.232746
vt 0.574213 0.235731
vt 0.523546 0.235995
vt 0.472364 0.239007
vt 0.626698 0.239185
vt 0.625401 0.240981
vt 0.675053 0.250896
vt 0.673417 0.252576
vt 0.671303 0.255116
vt 0.623765 0.243680
vt 0.621453 0.248182
vt 0.572693 0.240668
vt 0.668235 0.259374
vt 0.664657 0.265268
vt 0.618849 0.254426
vt 0.571043 0.247465
vt 0.522858 0.241281
vt 0.472582 0.244653
vt 0.522149 0.248574
vt 0.472883 0.252440
vt 0.720356 0.260724
vt 0.718455 0.262583
vt 0.762294 0.268188
vt 0.760178 0.270247
vt 0.757274 0.273205
vt 0.715927 0.265316
vt 0.800558 0.272808
vt 0.798246 0.274814
vt 0.794981 0.277709
vt 0.789812 0.282380
vt 0.752791 0.277958
vt 0.783145 0.288513
vt 0.747176 0.284175
vt 0.712140 0.269795
vt 0.707556 0.275805
vt 0.702635 0.283133
vt 0.661013 0.272712
vt 0.740873 0.291523
vt 0.735074 0.299853
vt 0.698398 0.291754
vt 0.658046 0.281705
vt 0.775390 0.295796
vt 0.767655 0.303813
vt 0.761050 0.312148
vt 0.730972 0.309014
vt 0.695866 0.301642
vt 0.656503 0.292243
vt 0.521742 0.257770
vt 0.473517 0.262248
vt 0.569591 0.256032
vt 0.568634 0.266268
vt 0.521698 0.268763
vt 0.474337 0.273952
vt 0.616340 0.262346
vt 0.614438 0.271896
vt 0.613658 0.283031
vt 0.568469 0.278075
vt 0.522075 0.281446
vt 0.475196 0.287429
vt 0.154454 0.276572
vt 0.157018 0.278316
vt 0.189656 0.263950
vt 0.192037 0.265737
vt 0.195325 0.268403
vt 0.160640 0.280883
vt 0.229064 0.249969
vt 0.231232 0.251752
vt 0.272295 0.238472
vt 0.274205 0.240369
vt 0.276729 0.243287
vt 0.234157 0.254474
vt 0.238597 0.259077
vt 0.200428 0.272825
vt 0.280481 0.248247
vt 0.284991 0.255272
vt 0.244055 0.265535
vt 0.206850 0.278884
vt 0.166380 0.285097
vt 0.173767 0.290790
vt 0.318966 0.233303
vt 0.320560 0.235599
vt 0.368254 0.232245
vt 0.369504 0.234865
vt 0.371079 0.238702
vt 0.322635 0.239029
vt 0.419333 0.233078
vt 0.420245 0.235590
vt 0.421265 0.239302
vt 0.422503 0.245414
vt 0.373305 0.244971
vt 0.423960 0.253756
vt 0.375912 0.253494
vt 0.325674 0.244731
vt 0.329266 0.252629
vt 0.332999 0.262653
vt 0.289789 0.264384
vt 0.378628 0.264089
vt 0.381062 0.276511
vt 0.336322 0.274659
vt 0.294117 0.275595
vt 0.425640 0.264154
vt 0.427263 0.276405
vt 0.428553 0.290305
vt 0.382822 0.290517
vt 0.338679 0.288505
vt 0.297212 0.288918
vt 0.182333 0.297792
vt 0.214095 0.286461
vt 0.220984 0.295646
vt 0.190944 0.305890
vt 0.250035 0.273823
vt 0.255523 0.284069
vt 0.259507 0.296404
vt 0.226335 0.306532
vt 0.198466 0.314872
vt 0.496739 0.774876
vt 0.437596 0.774890
vt 0.437887 0.772806
vt 0.496552 0.772716
vt 0.381665 0.773950
vt 0.382373 0.771926
vt 0.383226 0.768895
vt 0.438217 0.769703
vt 0.496293 0.769516
vt 0.332234 0.771050
vt 0.333217 0.769056
vt 0.289400 0.766578
vt 0.290569 0.764621
vt 0.292070 0.761667
vt 0.334441 0.766055
vt 0.336144 0.761043
vt 0.384369 0.763851
vt 0.294235 0.756722
vt 0.296746 0.749795
vt 0.338030 0.754014
vt 0.385561 0.756785
vt 0.438624 0.764564
vt 0.495890 0.764233
vt 0.438967 0.757385
vt 0.495329 0.756871
vt 0.253262 0.760921
vt 0.254578 0.759046
vt 0.221785 0.754645
vt 0.223250 0.752874
vt 0.225259 0.750205
vt 0.256325 0.756215
vt 0.192937 0.748312
vt 0.194590 0.746645
vt 0.196926 0.744141
vt 0.200628 0.739963
vt 0.228357 0.745741
vt 0.205398 0.734171
vt 0.232237 0.739528
vt 0.258933 0.751474
vt 0.262084 0.744851
vt 0.265465 0.736373
vt 0.299287 0.740894
vt 0.236595 0.731614
vt 0.240552 0.722034
vt 0.268311 0.725987
vt 0.301279 0.729948
vt 0.210936 0.726827
vt 0.216417 0.718203
vt 0.221012 0.708574
vt 0.243231 0.710825
vt 0.269860 0.713638
vt 0.302147 0.716885
vt 0.439103 0.748163
vt 0.494594 0.747433
vt 0.386560 0.747687
vt 0.387103 0.736449
vt 0.438948 0.736786
vt 0.493766 0.735811
vt 0.339803 0.744964
vt 0.341045 0.733803
vt 0.341338 0.720436
vt 0.386929 0.722965
vt 0.438416 0.723145
vt 0.492924 0.721901
vt 0.831861 0.726081
vt 0.829813 0.724521
vt 0.796685 0.737505
vt 0.794784 0.735813
vt 0.792140 0.733205
vt 0.826885 0.722134
vt 0.757595 0.750526
vt 0.755850 0.748650
vt 0.714097 0.762220
vt 0.712532 0.760158
vt 0.710486 0.756995
vt 0.753498 0.745754
vt 0.749932 0.740819
vt 0.788013 0.728763
vt 0.707475 0.751633
vt 0.703823 0.743989
vt 0.745490 0.733759
vt 0.782729 0.722419
vt 0.822199 0.718092
vt 0.816048 0.712358
vt 0.665694 0.769662
vt 0.664353 0.767463
vt 0.612795 0.773633
vt 0.611750 0.771369
vt 0.610422 0.767999
vt 0.662633 0.764142
vt 0.555807 0.774914
vt 0.555161 0.772679
vt 0.554335 0.769369
vt 0.553150 0.763909
vt 0.608529 0.762415
vt 0.551727 0.756299
vt 0.606309 0.754602
vt 0.660155 0.758577
vt 0.657219 0.750718
vt 0.654121 0.740511
vt 0.699855 0.733981
vt 0.604001 0.744542
vt 0.601920 0.732129
vt 0.651336 0.727831
vt 0.696243 0.721454
vt 0.550192 0.746538
vt 0.548743 0.734524
vt 0.547579 0.720156
vt 0.600384 0.717257
vt 0.649340 0.712550
vt 0.693659 0.706253
vt 0.808725 0.704896
vt 0.776616 0.714104
vt 0.770729 0.703708
vt 0.801206 0.695872
vt 0.740507 0.724489
vt 0.735891 0.712825
vt 0.732552 0.698584
vt 0.766119 0.691125
vt 0.794464 0.685455
vn 0.010685 0.999912 0.007817
vn 0.011786 0.999903 0.007395
vn 0.011837 0.999904 0.007236
vn 0.010700 0.999913 0.007662
vn 0.012227 0.999903 0.006620
vn 0.012288 0.999904 0.006457
vn 0.012453 0.999903 0.006219
vn 0.011956 0.999904 0.006973
vn 0.010782 0.999915 0.007401
vn 0.012087 0.999911 0.005588
vn 0.012148 0.999912 0.005407
vn 0.011670 0.999922 0.004373
vn 0.011711 0.999923 0.004171
vn 0.011944 0.999921 0.003967
vn 0.012355 0.999910 0.005188
vn 0.012635 0.999909 0.004840
vn 0.012677 0.999903 0.005864
vn 0.012249 0.999918 0.003633
vn 0.012649 0.999915 0.003141
vn 0.013007 0.999906 0.004314
vn 0.012978 0.999902 0.005329
vn 0.012114 0.999905 0.006611
vn 0.010878 0.999916 0.007045
vn 0.012329 0.999906 0.006073
vn 0.011022 0.999918 0.006516
vn 0.011007 0.999935 0.003083
vn 0.011029 0.999935 0.002871
vn 0.010209 0.999946 0.001836
vn 0.010204 0.999947 0.001630
vn 0.010452 0.999944 0.001477
vn 0.011273 0.999933 0.002689
vn 0.009264 0.999957 0.000772
vn 0.009218 0.999957 0.000601
vn 0.008212 0.999966 0.000022
vn 0.008145 0.999967 -0.000098
vn 0.008363 0.999965 -0.000187
vn 0.009459 0.999955 0.000480
vn 0.009738 0.999953 0.000279
vn 0.010757 0.999941 0.001223
vn 0.008609 0.999963 -0.000329
vn 0.008951 0.999960 -0.000510
vn 0.010116 0.999949 0.000014
vn 0.011158 0.999937 0.000875
vn 0.011584 0.999930 0.002389
vn 0.011988 0.999926 0.001962
vn 0.012433 0.999922 0.001368
vn 0.013104 0.999911 0.002437
vn 0.011595 0.999933 0.000410
vn 0.012011 0.999928 -0.000167
vn 0.012863 0.999917 0.000597
vn 0.013556 0.999907 0.001496
vn 0.010527 0.999945 -0.000325
vn 0.009315 0.999956 -0.000732
vn 0.009657 0.999953 -0.000987
vn 0.010923 0.999940 -0.000722
vn 0.011316 0.999935 -0.001117
vn 0.012367 0.999923 -0.000810
vn 0.010017 0.999949 -0.001188
vn 0.010469 0.999944 -0.001333
vn 0.011495 0.999933 -0.001451
vn 0.012479 0.999921 -0.001455
vn 0.013227 0.999913 -0.000301
vn 0.013951 0.999903 0.000363
vn 0.013382 0.999910 -0.001269
vn 0.014169 0.999899 -0.000907
vn 0.012605 0.999907 0.005294
vn 0.011222 0.999920 0.005769
vn 0.013343 0.999901 0.004537
vn 0.013758 0.999900 0.003427
vn 0.012957 0.999907 0.004214
vn 0.011500 0.999923 0.004757
vn 0.013444 0.999903 0.003542
vn 0.013901 0.999900 0.002479
vn 0.014326 0.999897 0.001153
vn 0.014198 0.999897 0.001988
vn 0.014623 0.999893 -0.000387
vn 0.014582 0.999894 0.000245
vn 0.013388 0.999907 0.002760
vn 0.011880 0.999924 0.003352
vn 0.013842 0.999904 0.000909
vn 0.012342 0.999923 0.001491
vn 0.000146 1.000000 0.000496
vn 0.002369 0.999992 0.003172
vn 0.002306 0.999994 0.002743
vn 0.000038 1.000000 -0.000107
vn 0.004221 0.999978 0.005080
vn 0.004213 0.999980 0.004779
vn 0.004340 0.999981 0.004448
vn 0.002509 0.999994 0.002408
vn 0.000333 1.000000 -0.000422
vn 0.005620 0.999964 0.006323
vn 0.005631 0.999966 0.006085
vn 0.006650 0.999953 0.007094
vn 0.006656 0.999954 0.006889
vn 0.006715 0.999956 0.006611
vn 0.005712 0.999967 0.005778
vn 0.005764 0.999969 0.005373
vn 0.004419 0.999982 0.004015
vn 0.006757 0.999958 0.006238
vn 0.006812 0.999961 0.005709
vn 0.005829 0.999971 0.004807
vn 0.004523 0.999984 0.003425
vn 0.002640 0.999995 0.001956
vn 0.000547 1.000000 -0.000872
vn 0.002815 0.999995 0.001370
vn 0.000845 0.999999 -0.001428
vn 0.007520 0.999943 0.007561
vn 0.007512 0.999945 0.007377
vn 0.008442 0.999934 0.007823
vn 0.008422 0.999935 0.007658
vn 0.008473 0.999937 0.007413
vn 0.007562 0.999946 0.007119
vn 0.009478 0.999924 0.007919
vn 0.009465 0.999925 0.007765
vn 0.009524 0.999926 0.007520
vn 0.009584 0.999928 0.007177
vn 0.008519 0.999939 0.007072
vn 0.009683 0.999931 0.006665
vn 0.008596 0.999941 0.006573
vn 0.007604 0.999948 0.006769
vn 0.007666 0.999951 0.006265
vn 0.007755 0.999955 0.005542
vn 0.006891 0.999964 0.004937
vn 0.008708 0.999945 0.005870
vn 0.008858 0.999949 0.004916
vn 0.007865 0.999959 0.004539
vn 0.006982 0.999968 0.003856
vn 0.009828 0.999934 0.005950
vn 0.010036 0.999937 0.004990
vn 0.010335 0.999940 0.003634
vn 0.009067 0.999953 0.003561
vn 0.010726 0.999941 0.001804
vn 0.009327 0.999955 0.001721
vn 0.007999 0.999963 0.003120
vn 0.007076 0.999972 0.002348
vn 0.008140 0.999966 0.001206
vn 0.007155 0.999974 0.000351
vn 0.003029 0.999995 0.000678
vn 0.001133 0.999997 -0.002044
vn 0.004680 0.999986 0.002642
vn 0.004898 0.999987 0.001622
vn 0.003299 0.999995 -0.000119
vn 0.001418 0.999995 -0.002697
vn 0.005928 0.999974 0.003995
vn 0.006049 0.999978 0.002874
vn 0.006179 0.999980 0.001320
vn 0.005208 0.999986 0.000149
vn 0.006264 0.999980 -0.000730
vn 0.005434 0.999983 -0.001920
vn 0.003856 0.999992 -0.001264
vn 0.002028 0.999992 -0.003527
vn 0.004432 0.999985 -0.003172
vn 0.003065 0.999985 -0.004451
vn 0.004287 0.999974 -0.005823
vn 0.002670 0.999973 -0.006828
vn 0.005368 0.999975 -0.004518
vn 0.005058 0.999960 -0.007422
vn 0.003778 0.999957 -0.008501
vn 0.002188 0.999955 -0.009209
vn 0.006261 0.999975 -0.003311
vn 0.007214 0.999972 -0.002224
vn 0.007219 0.999960 -0.005280
vn 0.006146 0.999961 -0.006308
vn 0.005757 0.999943 -0.008992
vn 0.004482 0.999941 -0.009871
vn 0.006972 0.999943 -0.008095
vn 0.006334 0.999929 -0.010106
vn 0.005070 0.999928 -0.010852
vn 0.003758 0.999927 -0.011467
vn 0.003076 0.999939 -0.010603
vn 0.001599 0.999938 -0.011039
vn 0.002387 0.999926 -0.011889
vn 0.001064 0.999926 -0.012102
vn 0.008281 0.999965 -0.001335
vn 0.009619 0.999954 -0.000752
vn 0.009829 0.999944 -0.003806
vn 0.008378 0.999955 -0.004426
vn 0.011158 0.999938 -0.000594
vn 0.012783 0.999918 -0.000809
vn 0.012956 0.999910 -0.003403
vn 0.011429 0.999929 -0.003483
vn 0.011244 0.999918 -0.006084
vn 0.009689 0.999931 -0.006616
vn 0.012604 0.999905 -0.005653
vn 0.011687 0.999906 -0.007156
vn 0.010498 0.999914 -0.007844
vn 0.009037 0.999923 -0.008561
vn 0.008210 0.999940 -0.007289
vn 0.007594 0.999928 -0.009323
vn 0.006586 0.999924 -0.010386
vn 0.005383 0.999924 -0.011088
vn 0.007956 0.999922 -0.009620
vn 0.006671 0.999928 -0.009997
vn 0.005454 0.999928 -0.010652
vn 0.004377 0.999928 -0.011193
vn 0.009316 0.999918 -0.008824
vn 0.010358 0.999914 -0.008008
vn 0.008755 0.999927 -0.008376
vn 0.007864 0.999927 -0.009229
vn 0.006338 0.999940 -0.008980
vn 0.005403 0.999938 -0.009701
vn 0.007034 0.999942 -0.008127
vn 0.005270 0.999961 -0.007071
vn 0.004837 0.999957 -0.007927
vn 0.004190 0.999954 -0.008638
vn 0.004419 0.999938 -0.010267
vn 0.003507 0.999937 -0.010702
vn 0.003454 0.999952 -0.009205
vn 0.002719 0.999950 -0.009647
vn 0.001786 0.999922 -0.012325
vn 0.000641 0.999923 -0.012415
vn 0.002997 0.999923 -0.012088
vn 0.002304 0.999927 -0.011893
vn 0.001287 0.999927 -0.012051
vn 0.000325 0.999927 -0.012112
vn 0.004194 0.999923 -0.011673
vn 0.003328 0.999927 -0.011611
vn 0.002611 0.999936 -0.011027
vn 0.001749 0.999935 -0.011250
vn 0.001980 0.999948 -0.009985
vn 0.001277 0.999947 -0.010222
vn 0.000902 0.999935 -0.011384
vn 0.000106 0.999935 -0.011441
vn 0.000596 0.999946 -0.010366
vn -0.000031 0.999946 -0.010427
vn 0.014178 0.999899 -0.001214
vn 0.014772 0.999890 -0.001608
vn 0.014543 0.999889 -0.003373
vn 0.014146 0.999894 -0.003419
vn 0.014674 0.999891 -0.001902
vn 0.014104 0.999899 -0.002047
vn 0.013546 0.999904 -0.002907
vn 0.014274 0.999893 -0.003212
vn 0.013342 0.999902 -0.004265
vn 0.013778 0.999894 -0.004788
vn 0.012421 0.999916 -0.003679
vn 0.011098 0.999928 -0.004493
vn 0.012085 0.999914 -0.005095
vn 0.012578 0.999904 -0.005763
vn 0.013568 0.999894 -0.005246
vn 0.012468 0.999901 -0.006464
vn 0.013208 0.999911 -0.002023
vn 0.012166 0.999924 -0.001839
vn 0.011339 0.999934 -0.001973
vn 0.012506 0.999919 -0.002469
vn 0.010997 0.999938 -0.001549
vn 0.009838 0.999951 -0.001221
vn 0.008964 0.999959 -0.001147
vn 0.010102 0.999948 -0.001515
vn 0.008878 0.999959 -0.002023
vn 0.010040 0.999947 -0.002495
vn 0.007841 0.999968 -0.001628
vn 0.006629 0.999975 -0.002578
vn 0.007599 0.999967 -0.003040
vn 0.008698 0.999956 -0.003495
vn 0.011232 0.999932 -0.003064
vn 0.009870 0.999943 -0.003967
vn 0.008761 0.999951 -0.004534
vn 0.009878 0.999939 -0.005034
vn 0.007590 0.999963 -0.004050
vn 0.006335 0.999973 -0.003717
vn 0.007533 0.999962 -0.004403
vn 0.008544 0.999951 -0.005084
vn 0.006434 0.999973 -0.003520
vn 0.005396 0.999981 -0.002951
vn 0.004002 0.999989 -0.002347
vn 0.005098 0.999982 -0.003018
vn 0.003437 0.999992 -0.002075
vn 0.004630 0.999985 -0.002803
vn 0.002463 0.999996 -0.001451
vn 0.001173 0.999999 -0.000693
vn 0.001878 0.999998 -0.001075
vn 0.002827 0.999995 -0.001582
vn 0.005816 0.999977 -0.003608
vn 0.006804 0.999967 -0.004456
vn 0.003811 0.999990 -0.002242
vn 0.004650 0.999985 -0.003063
vn 0.011009 0.999914 -0.007173
vn 0.011117 0.999918 -0.006361
vn 0.009475 0.999933 -0.006607
vn 0.009321 0.999929 -0.007481
vn 0.010719 0.999927 -0.005635
vn 0.009218 0.999941 -0.005805
vn 0.007433 0.999958 -0.005336
vn 0.007635 0.999951 -0.006253
vn 0.005229 0.999978 -0.004022
vn 0.005498 0.999972 -0.005062
vn 0.007485 0.999946 -0.007197
vn 0.005500 0.999966 -0.006099
vn 0.003525 0.999983 -0.004548
vn 0.003556 0.999979 -0.005471
vn 0.003318 0.999988 -0.003567
vn 0.001631 0.999997 -0.002088
vn 0.001909 0.999994 -0.002764
vn 0.002079 0.999992 -0.003456
vn 0.002965 0.999992 -0.002601
vn 0.002524 0.999995 -0.001756
vn 0.001033 0.999999 -0.000951
vn 0.001308 0.999998 -0.001469
vn 0.000415 1.000000 -0.000511
vn 0.000624 1.000000 -0.000770
vn 0.000274 1.000000 -0.000326
vn 0.000037 1.000000 -0.000022
vn 0.000090 1.000000 -0.000063
vn 0.000179 1.000000 -0.000151
vn 0.000832 0.999999 -0.001107
vn 0.000989 0.999998 -0.001514
vn 0.000271 1.000000 -0.000296
vn 0.000341 1.000000 -0.000499
vn 0.001992 0.999997 -0.001096
vn 0.001383 0.999999 -0.000640
vn 0.000510 1.000000 -0.000272
vn 0.000776 1.000000 -0.000548
vn 0.000815 1.000000 -0.000359
vn 0.000421 1.000000 -0.000196
vn 0.000123 1.000000 -0.000035
vn 0.000278 1.000000 -0.000111
vn 0.000062 1.000000 -0.000045
vn 0.000112 1.000000 -0.000101
vn 0.000030 1.000000 -0.000016
vn 0.000006 1.000000 -0.000002
vn 0.000005 1.000000 -0.000002
vn 0.000004 1.000000 -0.000002
vn 0.000184 1.000000 -0.000193
vn 0.000014 1.000000 -0.000006
vn 0.000006 1.000000 -0.000003
vn 0.000009 1.000000 -0.000007
vn 0.000004 1.000000 -0.000002
vn 0.000004 1.000000 -0.000002
vn 0.000003 1.000000 -0.000002
vn 0.000002 1.000000 -0.000002
vn 0.000005 1.000000 -0.000002
vn 0.000007 1.000000 -0.000002
vn 0.000007 1.000000 -0.000002
vn 0.000005 1.000000 -0.000002
vn 0.000005 1.000000 -0.000002
vn 0.000004 1.000000 -0.000002
vn 0.000006 1.000000 -0.000002
vn 0.000006 1.000000 -0.000002
vn 0.000005 1.000000 -0.000002
vn 0.000004 1.000000 -0.000003
vn 0.000003 1.000000 -0.000002
vn 0.000003 1.000000 -0.000002
vn 0.000003 1.000000 -0.000003
vn 0.000003 1.000000 -0.000003
vn 0.000053 1.000000 -0.000082
vn 0.000062 1.000000 -0.000138
vn 0.000036 1.000000 -0.000042
vn 0.000001 1.000000 -0.000002
vn 0.000001 1.000000 -0.000002
vn 0.000000 1.000000 -0.000002
vn 0.000019 1.000000 -0.000018
vn 0.000002 1.000000 -0.000002
vn 0.000002 1.000000 -0.000002
vn 0.000001 1.000000 -0.000002
vn 0.000002 1.000000 -0.000003
vn 0.000001 1.000000 -0.000003
vn 0.000001 1.000000 -0.000002
vn 0.000000 1.000000 -0.000002
vn 0.000001 1.000000 -0.000003
vn 0.000000 1.000000 -0.000003
vn 0.000349 0.999960 -0.008929
vn -0.000097 0.999960 -0.009006
vn 0.000852 0.999961 -0.008751
vn 0.000485 0.999977 -0.006710
vn 0.000155 0.999976 -0.006945
vn -0.000111 0.999975 -0.007059
vn 0.001385 0.999963 -0.008468
vn 0.001952 0.999965 -0.008080
vn 0.001241 0.999982 -0.005914
vn 0.000850 0.999979 -0.006362
vn 0.000389 0.999992 -0.004024
vn 0.000172 0.999990 -0.004411
vn 0.000613 0.999994 -0.003558
vn 0.000167 0.999999 -0.001737
vn 0.000077 0.999998 -0.002073
vn -0.000022 0.999997 -0.002375
vn -0.000006 0.999989 -0.004690
vn -0.000109 0.999988 -0.004833
vn -0.000093 0.999997 -0.002607
vn -0.000094 0.999996 -0.002731
vn 0.002508 0.999968 -0.007590
vn 0.003016 0.999971 -0.006997
vn 0.001924 0.999987 -0.004785
vn 0.001614 0.999984 -0.005381
vn 0.003397 0.999974 -0.006294
vn 0.002103 0.999989 -0.004140
vn 0.001058 0.999998 -0.001989
vn 0.000987 0.999996 -0.002506
vn 0.000367 1.000000 -0.000759
vn 0.000328 0.999999 -0.001062
vn 0.000821 0.999995 -0.003040
vn 0.000249 0.999999 -0.001393
vn 0.000024 1.000000 -0.000390
vn 0.000019 1.000000 -0.000505
vn 0.000043 1.000000 -0.000294
vn -0.000001 1.000000 -0.000002
vn 0.000003 1.000000 -0.000004
vn 0.000015 1.000000 -0.000017
vn 0.000060 1.000000 -0.000210
vn -0.000000 1.000000 -0.000002
vn -0.000000 1.000000 -0.000002
vn -0.000001 1.000000 -0.000002
vn -0.000000 1.000000 -0.000003
vn -0.000001 1.000000 -0.000003
vn -0.000001 1.000000 -0.000003
vn 0.000000 1.000000 -0.000006
vn -0.000001 1.000000 -0.000003
vn -0.000002 1.000000 -0.000003
vn -0.000049 1.000000 -0.000913
vn -0.000047 1.000000 -0.000986
vn -0.000021 1.000000 -0.000786
vn 0.000017 1.000000 -0.000085
vn 0.000003 1.000000 -0.000125
vn -0.000008 1.000000 -0.000150
vn 0.000009 1.000000 -0.000642
vn 0.000023 1.000000 -0.000046
vn 0.000000 1.000000 -0.000014
vn -0.000003 1.000000 -0.000025
vn -0.000002 1.000000 -0.000002
vn -0.000003 1.000000 -0.000002
vn -0.000009 1.000000 -0.000041
vn -0.000007 1.000000 -0.000055
vn -0.000004 1.000000 -0.000002
vn -0.000004 1.000000 -0.000002
vn -0.000005 1.000000 -0.000003
vn -0.000006 1.000000 -0.000002
vn -0.000004 1.000000 -0.000003
vn -0.000004 1.000000 -0.000004
vn -0.000006 1.000000 -0.000003
vn -0.000007 1.000000 -0.000003
vn -0.000003 1.000000 -0.000003
vn -0.000002 1.000000 -0.000003
vn -0.000003 1.000000 -0.000004
vn -0.000003 1.000000 -0.000004
vn -0.000004 1.000000 -0.000006
vn -0.000006 1.000000 -0.000005
vn -0.000003 1.000000 -0.000006
vn -0.000004 1.000000 -0.000008
vn -0.000006 1.000000 -0.000008
vn -0.000007 1.000000 -0.000007
vn -0.000007 1.000000 -0.000004
vn -0.000008 1.000000 -0.000003
vn -0.000009 1.000000 -0.000006
vn -0.000011 1.000000 -0.000005
vn -0.000002 1.000000 -0.000004
vn -0.000001 1.000000 -0.000004
vn -0.000001 1.000000 -0.000005
vn -0.000002 1.000000 -0.000005
vn -0.000000 1.000000 -0.000004
vn 0.000000 1.000000 -0.000004
vn 0.000000 1.000000 -0.000005
vn -0.000001 1.000000 -0.000005
vn -0.000001 1.000000 -0.000006
vn -0.000002 1.000000 -0.000006
vn 0.000000 1.000000 -0.000006
vn 0.000000 1.000000 -0.000008
vn -0.000001 1.000000 -0.000008
vn -0.000002 1.000000 -0.000008
vn -0.000002 1.000000 -0.000006
vn -0.000003 1.000000 -0.000008
vn -0.000004 1.000000 -0.000011
vn -0.000006 1.000000 -0.000011
vn -0.000003 1.000000 -0.000011
vn -0.000004 1.000000 -0.000018
vn -0.000006 1.000000 -0.000018
vn -0.000009 1.000000 -0.000018
vn -0.000001 1.000000 -0.000011
vn 0.000000 1.000000 -0.000011
vn 0.000000 1.000000 -0.000017
vn -0.000002 1.000000 -0.000017
vn -0.000004 1.000000 -0.000028
vn -0.000007 1.000000 -0.000029
vn -0.000000 1.000000 -0.000028
vn 0.000000 1.000000 -0.000034
vn -0.000004 1.000000 -0.000035
vn -0.000009 1.000000 -0.000036
vn -0.000011 1.000000 -0.000029
vn -0.000015 1.000000 -0.000029
vn -0.000013 1.000000 -0.000036
vn -0.000018 1.000000 -0.000036
vn -0.000013 1.000000 -0.000008
vn -0.000016 1.000000 -0.000006
vn -0.000010 1.000000 -0.000010
vn -0.000016 1.000000 -0.000015
vn -0.000020 1.000000 -0.000013
vn -0.000024 1.000000 -0.000010
vn -0.000008 1.000000 -0.000011
vn -0.000012 1.000000 -0.000017
vn -0.000020 1.000000 -0.000027
vn -0.000026 1.000000 -0.000024
vn -0.000024 1.000000 -0.000034
vn -0.000031 1.000000 -0.000031
vn -0.000033 1.000000 -0.000020
vn -0.000039 1.000000 -0.000016
vn -0.000040 1.000000 -0.000026
vn -0.000048 1.000000 -0.000021
vn 0.000001 1.000000 -0.000004
vn 0.000002 1.000000 -0.000004
vn 0.000002 1.000000 -0.000005
vn 0.000001 1.000000 -0.000005
vn 0.000002 1.000000 -0.000004
vn 0.000003 1.000000 -0.000004
vn 0.000003 1.000000 -0.000005
vn 0.000003 1.000000 -0.000005
vn 0.000003 1.000000 -0.000006
vn 0.000002 1.000000 -0.000006
vn 0.000004 1.000000 -0.000006
vn 0.000005 1.000000 -0.000008
vn 0.000004 1.000000 -0.000008
vn 0.000003 1.000000 -0.000008
vn 0.000001 1.000000 -0.000006
vn 0.000001 1.000000 -0.000008
vn 0.000004 1.000000 -0.000004
vn 0.000005 1.000000 -0.000003
vn 0.000005 1.000000 -0.000004
vn 0.000004 1.000000 -0.000005
vn 0.000006 1.000000 -0.000003
vn 0.000007 1.000000 -0.000002
vn 0.000008 1.000000 -0.000003
vn 0.000007 1.000000 -0.000004
vn 0.000008 1.000000 -0.000005
vn 0.000006 1.000000 -0.000005
vn 0.000010 1.000000 -0.000003
vn 0.000012 1.000000 -0.000004
vn 0.000010 1.000000 -0.000006
vn 0.000008 1.000000 -0.000007
vn 0.000005 1.000000 -0.000006
vn 0.000006 1.000000 -0.000008
vn 0.000009 1.000000 -0.000010
vn 0.000007 1.000000 -0.000011
vn 0.000011 1.000000 -0.000010
vn 0.000016 1.000000 -0.000015
vn 0.000013 1.000000 -0.000016
vn 0.000010 1.000000 -0.000016
vn 0.000013 1.000000 -0.000008
vn 0.000016 1.000000 -0.000006
vn 0.000024 1.000000 -0.000009
vn 0.000019 1.000000 -0.000013
vn 0.000030 1.000000 -0.000020
vn 0.000025 1.000000 -0.000024
vn 0.000037 1.000000 -0.000014
vn 0.000043 1.000000 -0.000020
vn 0.000036 1.000000 -0.000026
vn 0.000030 1.000000 -0.000029
vn 0.000021 1.000000 -0.000025
vn 0.000016 1.000000 -0.000026
vn 0.000025 1.000000 -0.000031
vn 0.000020 1.000000 -0.000032
vn 0.000002 1.000000 -0.000011
vn 0.000003 1.000000 -0.000011
vn 0.000005 1.000000 -0.000017
vn 0.000002 1.000000 -0.000017
vn 0.000005 1.000000 -0.000011
vn 0.000008 1.000000 -0.000016
vn 0.000012 1.000000 -0.000026
vn 0.000008 1.000000 -0.000027
vn 0.000015 1.000000 -0.000033
vn 0.000010 1.000000 -0.000033
vn 0.000004 1.000000 -0.000027
vn 0.000005 1.000000 -0.000033
vn 0.000059 1.000000 -0.000002
vn 0.000064 1.000000 -0.000001
vn 0.000054 1.000000 -0.000001
vn 0.000070 1.000000 -0.000003
vn 0.000064 1.000000 -0.000009
vn 0.000052 1.000000 -0.000007
vn 0.000032 1.000000 -0.000004
vn 0.000040 1.000000 -0.000002
vn 0.000083 1.000000 -0.000008
vn 0.000062 1.000000 -0.000016
vn 0.000051 1.000000 -0.000013
vn 0.000059 1.000000 -0.000017
vn 0.000048 1.000000 -0.000014
vn 0.000030 1.000000 -0.000009
vn 0.000032 1.000000 -0.000008
vn 0.000021 1.000000 -0.000005
vn 0.000021 1.000000 -0.000003
vn 0.000020 1.000000 -0.000006
vn 0.000015 1.000000 -0.000005
vn 0.000015 1.000000 -0.000004
vn 0.000015 1.000000 -0.000002
vn 0.000038 1.000000 -0.000004
vn 0.000123 1.000000 -0.000022
vn 0.000046 1.000000 -0.000012
vn 0.000195 1.000000 -0.000054
vn 0.000055 1.000000 -0.000013
vn 0.000045 1.000000 -0.000012
vn 0.000053 1.000000 -0.000010
vn 0.000043 1.000000 -0.000009
vn 0.000027 1.000000 -0.000006
vn 0.000028 1.000000 -0.000008
vn 0.000051 1.000000 -0.000012
vn 0.000042 1.000000 -0.000009
vn 0.000027 1.000000 -0.000006
vn 0.000018 1.000000 -0.000004
vn 0.000018 1.000000 -0.000004
vn 0.000014 1.000000 -0.000003
vn 0.000014 1.000000 -0.000003
vn 0.000019 1.000000 -0.000005
vn 0.000014 1.000000 -0.000004
vn 0.000011 1.000000 -0.000004
vn 0.000011 1.000000 -0.000004
vn 0.000011 1.000000 -0.000003
vn 0.000009 1.000000 -0.000003
vn 0.000009 1.000000 -0.000003
vn 0.000009 1.000000 -0.000003
vn 0.000011 1.000000 -0.000002
vn 0.000009 1.000000 -0.000002
vn 0.000008 1.000000 -0.000002
vn 0.000008 1.000000 -0.000002
vn 0.000008 1.000000 -0.000003
vn 0.000008 1.000000 -0.000003
vn 0.000061 1.000000 -0.000027
vn 0.000297 1.000000 -0.000119
vn 0.000012 1.000000 -0.000001
vn 0.000009 1.000000 -0.000001
vn 0.000083 1.000000 -0.000056
vn 0.000431 1.000000 -0.000234
vn 0.000012 1.000000 -0.000003
vn 0.000010 1.000000 -0.000002
vn 0.000014 1.000000 -0.000005
vn 0.000039 1.000000 -0.000007
vn 0.000185 1.000000 -0.000105
vn 0.000701 1.000000 -0.000418
vn 0.007074 0.999975 -0.000354
vn 0.006953 0.999976 -0.000381
vn 0.005730 0.999984 -0.000309
vn 0.005606 0.999984 -0.000292
vn 0.005792 0.999983 -0.000338
vn 0.007152 0.999974 -0.000442
vn 0.004479 0.999990 -0.000241
vn 0.004389 0.999990 -0.000287
vn 0.003296 0.999994 -0.000448
vn 0.003147 0.999995 -0.000531
vn 0.003339 0.999994 -0.000629
vn 0.004564 0.999990 -0.000346
vn 0.004800 0.999988 -0.000435
vn 0.006017 0.999982 -0.000398
vn 0.003589 0.999993 -0.000780
vn 0.003977 0.999992 -0.000998
vn 0.005169 0.999986 -0.000562
vn 0.006368 0.999980 -0.000481
vn 0.007374 0.999973 -0.000527
vn 0.007704 0.999970 -0.000635
vn 0.001846 0.999998 -0.000576
vn 0.001733 0.999998 -0.000595
vn 0.000683 1.000000 -0.000351
vn 0.000676 1.000000 -0.000342
vn 0.000811 1.000000 -0.000413
vn 0.001928 0.999998 -0.000710
vn 0.000168 1.000000 -0.000099
vn 0.000195 1.000000 -0.000092
vn 0.000259 1.000000 -0.000116
vn 0.000381 1.000000 -0.000160
vn 0.001019 0.999999 -0.000520
vn 0.000576 1.000000 -0.000243
vn 0.001343 0.999999 -0.000692
vn 0.002185 0.999997 -0.000875
vn 0.002579 0.999996 -0.001122
vn 0.003092 0.999994 -0.001458
vn 0.004474 0.999989 -0.001294
vn 0.001784 0.999998 -0.000944
vn 0.002340 0.999996 -0.001295
vn 0.003711 0.999991 -0.001884
vn 0.005060 0.999986 -0.001669
vn 0.000847 1.000000 -0.000384
vn 0.001196 0.999999 -0.000614
vn 0.001717 0.999998 -0.000964
vn 0.003071 0.999994 -0.001763
vn 0.004475 0.999987 -0.002390
vn 0.005772 0.999981 -0.002106
vn 0.008061 0.999967 -0.000767
vn 0.006790 0.999977 -0.000591
vn 0.007279 0.999973 -0.000735
vn 0.008419 0.999964 -0.000922
vn 0.005643 0.999984 -0.000741
vn 0.006209 0.999980 -0.000982
vn 0.006933 0.999975 -0.001280
vn 0.007983 0.999968 -0.000905
vn 0.008915 0.999960 -0.001043
vn -0.002526 0.999948 -0.009910
vn -0.003370 0.999932 -0.011130
vn -0.003189 0.999933 -0.011119
vn -0.002463 0.999947 -0.009970
vn -0.004057 0.999923 -0.011764
vn -0.003793 0.999924 -0.011761
vn -0.003473 0.999924 -0.011812
vn -0.002961 0.999933 -0.011163
vn -0.002332 0.999947 -0.010025
vn -0.004515 0.999920 -0.011786
vn -0.004230 0.999921 -0.011861
vn -0.004690 0.999929 -0.011006
vn -0.004432 0.999927 -0.011220
vn -0.004042 0.999928 -0.011343
vn -0.003854 0.999921 -0.011938
vn -0.003433 0.999922 -0.012029
vn -0.003124 0.999925 -0.011866
vn -0.003584 0.999927 -0.011505
vn -0.002973 0.999927 -0.011685
vn -0.002904 0.999922 -0.012130
vn -0.002695 0.999925 -0.011930
vn -0.002696 0.999934 -0.011211
vn -0.002156 0.999947 -0.010097
vn -0.002360 0.999934 -0.011272
vn -0.001908 0.999946 -0.010184
vn -0.004508 0.999947 -0.009226
vn -0.004302 0.999945 -0.009610
vn -0.003711 0.999973 -0.006401
vn -0.003603 0.999969 -0.006966
vn -0.003229 0.999969 -0.007196
vn -0.003920 0.999944 -0.009793
vn -0.002096 0.999994 -0.002901
vn -0.002122 0.999991 -0.003573
vn -0.001765 0.999991 -0.003846
vn -0.001442 0.999990 -0.004258
vn -0.002818 0.999968 -0.007542
vn -0.000977 0.999988 -0.004747
vn -0.002227 0.999966 -0.007945
vn -0.003464 0.999943 -0.010049
vn -0.002827 0.999943 -0.010343
vn -0.002029 0.999941 -0.010658
vn -0.002203 0.999927 -0.011869
vn -0.001538 0.999964 -0.008405
vn -0.000695 0.999960 -0.008866
vn -0.001052 0.999940 -0.010937
vn -0.001271 0.999927 -0.012027
vn -0.000507 0.999986 -0.005303
vn 0.000012 0.999983 -0.005898
vn 0.000986 0.999978 -0.006605
vn 0.000552 0.999957 -0.009241
vn 0.000175 0.999938 -0.011109
vn -0.000167 0.999927 -0.012125
vn -0.001903 0.999934 -0.011342
vn -0.001564 0.999946 -0.010280
vn -0.002128 0.999926 -0.011999
vn -0.001407 0.999926 -0.012064
vn -0.001316 0.999934 -0.011406
vn -0.001122 0.999946 -0.010366
vn -0.002225 0.999923 -0.012235
vn -0.001391 0.999923 -0.012332
vn -0.000421 0.999923 -0.012403
vn -0.000575 0.999927 -0.012109
vn -0.000635 0.999934 -0.011444
vn -0.000604 0.999946 -0.010421
vn -0.000053 1.000000 -0.000017
vn -0.000043 1.000000 -0.000013
vn -0.000054 1.000000 -0.000015
vn -0.000043 1.000000 -0.000012
vn -0.000026 1.000000 -0.000007
vn -0.000026 1.000000 -0.000008
vn 0.000089 1.000000 -0.000343
vn 0.000144 1.000000 -0.000467
vn 0.000265 0.999999 -0.001507
vn 0.000245 0.999998 -0.001768
vn 0.000254 0.999998 -0.001852
vn 0.000150 1.000000 -0.000487
vn 0.000110 1.000000 -0.000550
vn -0.000035 1.000000 -0.000012
vn 0.000194 0.999998 -0.002006
vn 0.000054 0.999998 -0.002196
vn 0.000004 1.000000 -0.000646
vn -0.000072 1.000000 -0.000037
vn -0.000019 1.000000 -0.000006
vn -0.000020 1.000000 -0.000010
vn -0.000107 0.999994 -0.003392
vn -0.000193 0.999993 -0.003735
vn -0.000841 0.999983 -0.005790
vn -0.000903 0.999981 -0.006134
vn -0.000872 0.999980 -0.006236
vn -0.000165 0.999993 -0.003856
vn -0.001625 0.999965 -0.008159
vn -0.001662 0.999964 -0.008340
vn -0.001606 0.999963 -0.008415
vn -0.001513 0.999963 -0.008528
vn -0.000840 0.999979 -0.006405
vn -0.001363 0.999962 -0.008657
vn -0.000792 0.999978 -0.006589
vn -0.000190 0.999992 -0.004053
vn -0.000256 0.999991 -0.004275
vn -0.000277 0.999990 -0.004498
vn -0.000039 0.999997 -0.002401
vn -0.000690 0.999977 -0.006775
vn -0.000525 0.999976 -0.006935
vn -0.000226 0.999989 -0.004689
vn -0.000046 0.999997 -0.002579
vn -0.001140 0.999961 -0.008792
vn -0.000843 0.999960 -0.008911
vn -0.000491 0.999959 -0.008991
vn -0.000328 0.999975 -0.007042
vn -0.000165 0.999988 -0.004815
vn -0.000056 0.999996 -0.002703
vn -0.000019 1.000000 -0.000019
vn -0.000086 1.000000 -0.000073
vn -0.000055 1.000000 -0.000110
vn -0.000010 1.000000 -0.000030
vn -0.000057 1.000000 -0.000766
vn -0.000041 1.000000 -0.000876
vn -0.000028 1.000000 -0.000960
vn -0.000022 1.000000 -0.000141
vn -0.000002 1.000000 -0.000046
s 1
g puddle
usemtl puddleSG
f 13/1/1 402/2/2 610/3/3 405/4/4
f 402/2/2 154/5/5 403/6/6 610/3/3
f 610/3/3 403/6/6 58/7/7 404/8/8
f 405/4/4 610/3/3 404/8/8 156/9/9
f 154/5/5 406/10/10 611/11/11 403/6/6
f 406/10/10 30/12/12 407/13/13 611/11/11
f 611/11/11 407/13/13 106/14/14 408/15/15
f 403/6/6 611/11/11 408/15/15 58/7/7
f 58/7/7 408/15/15 612/16/16 411/17/17
f 408/15/15 106/14/14 409/18/18 612/16/16
f 612/16/16 409/18/18 18/19/19 410/20/20
f 411/17/17 612/16/16 410/20/20 109/21/21
f 156/9/9 404/8/8 613/22/22 413/23/23
f 404/8/8 58/7/7 411/17/17 613/22/22
f 613/22/22 411/17/17 109/21/21 412/24/24
f 413/23/23 613/22/22 412/24/24 31/25/25
f 30/12/12 414/26/26 614/27/27 407/13/13
f 414/26/26 155/28/28 415/29/29 614/27/27
f 614/27/27 415/29/29 59/30/30 416/31/31
f 407/13/13 614/27/27 416/31/31 106/14/14
f 155/28/28 417/32/32 615/33/33 415/29/29
f 417/32/32 8/34/34 418/35/35 615/33/33
f 615/33/33 418/35/35 186/36/36 419/37/37
f 415/29/29 615/33/33 419/37/37 59/30/30
f 59/30/30 419/37/37 616/38/38 422/39/39
f 419/37/37 186/36/36 420/40/40 616/38/38
f 616/38/38 420/40/40 46/41/41 421/42/42
f 422/39/39 616/38/38 421/42/42 107/43/43
f 106/14/14 416/31/31 617/44/44 409/18/18
f 416/31/31 59/30/30 422/39/39 617/44/44
f 617/44/44 422/39/39 107/43/43 423/45/45
f 409/18/18 617/44/44 423/45/45 18/19/19
f 18/19/19 423/45/45 618/46/46 426/47/47
f 423/45/45 107/43/43 424/48/48 618/46/46
f 618/46/46 424/48/48 60/49/49 425/50/50
f 426/47/47 618/46/46 425/50/50 108/51/51
f 107/43/43 421/42/42 619/52/52 424/48/48
f 421/42/42 46/41/41 427/53/53 619/52/52
f 619/52/52 427/53/53 187/54/54 428/55/55
f 424/48/48 619/52/52 428/55/55 60/49/49
f 60/49/49 428/55/55 620/56/56 431/57/57
f 428/55/55 187/54/54 429/58/58 620/56/56
f 620/56/56 429/58/58 2/59/59 430/60/60
f 431/57/57 620/56/56 430/60/60 189/61/61
f 108/51/51 425/50/50 621/62/62 433/63/63
f 425/50/50 60/49/49 431/57/57 621/62/62
f 621/62/62 431/57/57 189/61/61 432/64/64
f 433/63/63 621/62/62 432/64/64 47/65/65
f 31/25/25 412/24/24 622/66/66 436/67/67
f 412/24/24 109/21/21 434/68/68 622/66/66
f 622/66/66 434/68/68 61/69/69 435/70/70
f 436/67/67 622/66/66 435/70/70 157/71/71
f 109/21/21 410/20/20 623/72/72 434/68/68
f 410/20/20 18/19/19 426/47/47 623/72/72
f 623/72/72 426/47/47 108/51/51 437/73/73
f 434/68/68 623/72/72 437/73/73 61/69/69
f 61/69/69 437/73/73 624/74/74 439/75/75
f 437/73/73 108/51/51 433/63/63 624/74/74
f 624/74/74 433/63/63 47/65/65 438/76/76
f 439/75/75 624/74/74 438/76/76 188/77/77
f 157/71/71 435/70/70 625/78/78 441/79/79
f 435/70/70 61/69/69 439/75/75 625/78/78
f 625/78/78 439/75/75 188/77/77 440/80/80
f 441/79/79 625/78/78 440/80/80 9/81/81
f 10/82/82 442/83/83 626/84/84 445/85/85
f 442/83/83 159/86/86 443/87/87 626/84/84
f 626/84/84 443/87/87 62/88/88 444/89/89
f 445/85/85 626/84/84 444/89/89 192/90/90
f 159/86/86 446/91/91 627/92/92 443/87/87
f 446/91/91 32/93/93 447/94/94 627/92/92
f 627/92/92 447/94/94 110/95/95 448/96/96
f 443/87/87 627/92/92 448/96/96 62/88/88
f 62/88/88 448/96/96 628/97/97 451/98/98
f 448/96/96 110/95/95 449/99/99 628/97/97
f 628/97/97 449/99/99 19/100/100 450/101/101
f 451/98/98 628/97/97 450/101/101 113/102/102
f 192/90/90 444/89/89 629/103/103 453/104/104
f 444/89/89 62/88/88 451/98/98 629/103/103
f 629/103/103 451/98/98 113/102/102 452/105/105
f 453/104/104 629/103/103 452/105/105 49/106/106
f 32/93/93 454/107/107 630/108/108 447/94/94
f 454/107/107 158/109/109 455/110/110 630/108/108
f 630/108/108 455/110/110 63/111/111 456/112/112
f 447/94/94 630/108/108 456/112/112 110/95/95
f 158/109/109 457/113/113 631/114/114 455/110/110
f 457/113/113 13/1/1 405/4/4 631/114/114
f 631/114/114 405/4/4 156/9/9 458/115/115
f 455/110/110 631/114/114 458/115/115 63/111/111
f 63/111/111 458/115/115 632/116/116 460/117/117
f 458/115/115 156/9/9 413/23/23 632/116/116
f 632/116/116 413/23/23 31/25/25 459/118/118
f 460/117/117 632/116/116 459/118/118 111/119/119
f 110/95/95 456/112/112 633/120/120 449/99/99
f 456/112/112 63/111/111 460/117/117 633/120/120
f 633/120/120 460/117/117 111/119/119 461/121/121
f 449/99/99 633/120/120 461/121/121 19/100/100
f 19/100/100 461/121/121 634/122/122 464/123/123
f 461/121/121 111/119/119 462/124/124 634/122/122
f 634/122/122 462/124/124 64/125/125 463/126/126
f 464/123/123 634/122/122 463/126/126 112/127/127
f 111/119/119 459/118/118 635/128/128 462/124/124
f 459/118/118 31/25/25 436/67/67 635/128/128
f 635/128/128 436/67/67 157/71/71 465/129/129
f 462/124/124 635/128/128 465/129/129 64/125/125
f 64/125/125 465/129/129 636/130/130 467/131/131
f 465/129/129 157/71/71 441/79/79 636/130/130
f 636/130/130 441/79/79 9/81/81 466/132/132
f 467/131/131 636/130/130 466/132/132 190/133/133
f 112/127/127 463/126/126 637/134/134 469/135/135
f 463/126/126 64/125/125 467/131/131 637/134/134
f 637/134/134 467/131/131 190/133/133 468/136/136
f 469/135/135 637/134/134 468/136/136 48/137/137
f 49/106/106 452/105/105 638/138/138 472/139/139
f 452/105/105 113/102/102 470/140/140 638/138/138
f 638/138/138 470/140/140 65/141/141 471/142/142
f 472/139/139 638/138/138 471/142/142 193/143/143
f 113/102/102 450/101/101 639/144/144 470/140/140
f 450/101/101 19/100/100 464/123/123 639/144/144
f 639/144/144 464/123/123 112/127/127 473/145/145
f 470/140/140 639/144/144 473/145/145 65/141/141
f 65/141/141 473/145/145 640/146/146 475/147/147
f 473/145/145 112/127/127 469/135/135 640/146/146
f 640/146/146 469/135/135 48/137/137 474/148/148
f 475/147/147 640/146/146 474/148/148 191/149/149
f 193/143/143 471/142/142 641/150/150 477/151/151
f 471/142/142 65/141/141 475/147/147 641/150/150
f 641/150/150 475/147/147 191/149/149 476/152/152
f 477/151/151 641/150/150 476/152/152 1/153/153
f 1/153/153 476/152/152 642/154/154 480/155/155
f 476/152/152 191/149/149 478/156/156 642/154/154
f 642/154/154 478/156/156 66/157/157 479/158/158
f 480/155/155 642/154/154 479/158/158 205/159/159
f 191/149/149 474/148/148 643/160/160 478/156/156
f 474/148/148 48/137/137 481/161/161 643/160/160
f 643/160/160 481/161/161 114/162/162 482/163/163
f 478/156/156 643/160/160 482/163/163 66/157/157
f 66/157/157 482/163/163 644/164/164 485/165/165
f 482/163/163 114/162/162 483/166/166 644/164/164
f 644/164/164 483/166/166 20/167/167 484/168/168
f 485/165/165 644/164/164 484/168/168 117/169/169
f 205/159/159 479/158/158 645/170/170 487/171/171
f 479/158/158 66/157/157 485/165/165 645/170/170
f 645/170/170 485/165/165 117/169/169 486/172/172
f 487/171/171 645/170/170 486/172/172 55/173/173
f 48/137/137 468/136/136 646/174/174 481/161/161
f 468/136/136 190/133/133 488/175/175 646/174/174
f 646/174/174 488/175/175 67/176/176 489/177/177
f 481/161/161 646/174/174 489/177/177 114/162/162
f 190/133/133 466/132/132 647/178/178 488/175/175
f 466/132/132 9/81/81 490/179/179 647/178/178
f 647/178/178 490/179/179 161/180/180 491/181/181
f 488/175/175 647/178/178 491/181/181 67/176/176
f 67/176/176 491/181/181 648/182/182 494/183/183
f 491/181/181 161/180/180 492/184/184 648/182/182
f 648/182/182 492/184/184 33/185/185 493/186/186
f 494/183/183 648/182/182 493/186/186 115/187/187
f 114/162/162 489/177/177 649/188/188 483/166/166
f 489/177/177 67/176/176 494/183/183 649/188/188
f 649/188/188 494/183/183 115/187/187 495/189/189
f 483/166/166 649/188/188 495/189/189 20/167/167
f 20/167/167 495/189/189 650/190/190 498/191/191
f 495/189/189 115/187/187 496/192/192 650/190/190
f 650/190/190 496/192/192 68/193/193 497/194/194
f 498/191/191 650/190/190 497/194/194 116/195/195
f 115/187/187 493/186/186 651/196/196 496/192/192
f 493/186/186 33/185/185 499/197/197 651/196/196
f 651/196/196 499/197/197 160/198/198 500/199/199
f 496/192/192 651/196/196 500/199/199 68/193/193
f 68/193/193 500/199/199 652/200/200 503/201/201
f 500/199/199 160/198/198 501/202/202 652/200/200
f 652/200/200 501/202/202 14/203/203 502/204/204
f 503/201/201 652/200/200 502/204/204 166/205/205
f 116/195/195 497/194/194 653/206/206 505/207/207
f 497/194/194 68/193/193 503/201/201 653/206/206
f 653/206/206 503/201/201 166/205/205 504/208/208
f 505/207/207 653/206/206 504/208/208 36/209/209
f 55/173/173 486/172/172 654/210/210 508/211/211
f 486/172/172 117/169/169 506/212/212 654/210/210
f 654/210/210 506/212/212 69/213/213 507/214/214
f 508/211/211 654/210/210 507/214/214 204/215/215
f 117/169/169 484/168/168 655/216/216 506/212/212
f 484/168/168 20/167/167 498/191/191 655/216/216
f 655/216/216 498/191/191 116/195/195 509/217/217
f 506/212/212 655/216/216 509/217/217 69/213/213
f 69/213/213 509/217/217 656/218/218 511/219/219
f 509/217/217 116/195/195 505/207/207 656/218/218
f 656/218/218 505/207/207 36/209/209 510/220/220
f 511/219/219 656/218/218 510/220/220 167/221/221
f 204/215/215 507/214/214 657/222/222 513/223/223
f 507/214/214 69/213/213 511/219/219 657/222/222
f 657/222/222 511/219/219 167/221/221 512/224/224
f 513/223/223 657/222/222 512/224/224 5/225/225
f 9/81/81 440/80/80 658/226/226 490/179/179
f 440/80/80 188/77/77 514/227/227 658/226/226
f 658/226/226 514/227/227 70/228/228 515/229/229
f 490/179/179 658/226/226 515/229/229 161/180/180
f 188/77/77 438/76/76 659/230/230 514/227/227
f 438/76/76 47/65/65 516/231/231 659/230/230
f 659/230/230 516/231/231 118/232/232 517/233/233
f 514/227/227 659/230/230 517/233/233 70/228/228
f 70/228/228 517/233/233 660/234/234 520/235/235
f 517/233/233 118/232/232 518/236/236 660/234/234
f 660/234/234 518/236/236 21/237/237 519/238/238
f 520/235/235 660/234/234 519/238/238 121/239/239
f 161/180/180 515/229/229 661/240/240 492/184/184
f 515/229/229 70/228/228 520/235/235 661/240/240
f 661/240/240 520/235/235 121/239/239 521/241/241
f 492/184/184 661/240/240 521/241/241 33/185/185
f 47/65/65 432/64/64 662/242/242 516/231/231
f 432/64/64 189/61/61 522/243/243 662/242/242
f 662/242/242 522/243/243 71/244/244 523/245/245
f 516/231/231 662/242/242 523/245/245 118/232/232
f 189/61/61 430/60/60 663/246/246 522/243/243
f 430/60/60 2/59/59 524/247/247 663/246/246
f 663/246/246 524/247/247 195/248/248 525/249/249
f 522/243/243 663/246/246 525/249/249 71/244/244
f 71/244/244 525/249/249 664/250/250 528/251/251
f 525/249/249 195/248/248 526/252/252 664/250/250
f 664/250/250 526/252/252 50/253/253 527/254/254
f 528/251/251 664/250/250 527/254/254 119/255/255
f 118/232/232 523/245/245 665/256/256 518/236/236
f 523/245/245 71/244/244 528/251/251 665/256/256
f 665/256/256 528/251/251 119/255/255 529/257/257
f 518/236/236 665/256/256 529/257/257 21/237/237
f 21/237/237 529/257/257 666/258/258 532/259/259
f 529/257/257 119/255/255 530/260/260 666/258/258
f 666/258/258 530/260/260 72/261/261 531/262/262
f 532/259/259 666/258/258 531/262/262 120/263/263
f 119/255/255 527/254/254 667/264/264 530/260/260
f 527/254/254 50/253/253 533/265/265 667/264/264
f 667/264/264 533/265/265 194/266/266 534/267/267
f 530/260/260 667/264/264 534/267/267 72/261/261
f 72/261/261 534/267/267 668/268/268 537/269/269
f 534/267/267 194/266/266 535/270/270 668/268/268
f 668/268/268 535/270/270 11/271/271 536/272/272
f 537/269/269 668/268/268 536/272/272 163/273/273
f 120/263/263 531/262/262 669/274/274 539/275/275
f 531/262/262 72/261/261 537/269/269 669/274/274
f 669/274/274 537/269/269 163/273/273 538/276/276
f 539/275/275 669/274/274 538/276/276 34/277/277
f 33/185/185 521/241/241 670/278/278 499/197/197
f 521/241/241 121/239/239 540/279/279 670/278/278
f 670/278/278 540/279/279 73/280/280 541/281/281
f 499/197/197 670/278/278 541/281/281 160/198/198
f 121/239/239 519/238/238 671/282/282 540/279/279
f 519/238/238 21/237/237 532/259/259 671/282/282
f 671/282/282 532/259/259 120/263/263 542/283/283
f 540/279/279 671/282/282 542/283/283 73/280/280
f 73/280/280 542/283/283 672/284/284 544/285/285
f 542/283/283 120/263/263 539/275/275 672/284/284
f 672/284/284 539/275/275 34/277/277 543/286/286
f 544/285/285 672/284/284 543/286/286 162/287/287
f 160/198/198 541/281/281 673/288/288 501/202/202
f 541/281/281 73/280/280 544/285/285 673/288/288
f 673/288/288 544/285/285 162/287/287 545/289/289
f 501/202/202 673/288/288 545/289/289 14/203/203
f 14/203/203 545/289/289 674/290/290 548/291/291
f 545/289/289 162/287/287 546/292/292 674/290/290
f 674/290/290 546/292/292 74/293/293 547/294/294
f 548/291/291 674/290/290 547/294/294 164/295/295
f 162/287/287 543/286/286 675/296/296 546/292/292
f 543/286/286 34/277/277 549/297/297 675/296/296
f 675/296/296 549/297/297 122/298/298 550/299/299
f 546/292/292 675/296/296 550/299/299 74/293/293
f 74/293/293 550/299/299 676/300/300 553/301/301
f 550/299/299 122/298/298 551/302/302 676/300/300
f 676/300/300 551/302/302 22/303/303 552/304/304
f 553/301/301 676/300/300 552/304/304 125/305/305
f 164/295/295 547/294/294 677/306/306 555/307/307
f 547/294/294 74/293/293 553/301/301 677/306/306
f 677/306/306 553/301/301 125/305/305 554/308/308
f 555/307/307 677/306/306 554/308/308 35/309/309
f 34/277/277 538/276/276 678/310/310 549/297/297
f 538/276/276 163/273/273 556/311/311 678/310/310
f 678/310/310 556/311/311 75/312/312 557/313/313
f 549/297/297 678/310/310 557/313/313 122/298/298
f 163/273/273 536/272/272 679/314/314 556/311/311
f 536/272/272 11/271/271 558/315/315 679/314/314
f 679/314/314 558/315/315 196/316/316 559/317/317
f 556/311/311 679/314/314 559/317/317 75/312/312
f 75/312/312 559/317/317 680/318/318 562/319/319
f 559/317/317 196/316/316 560/320/320 680/318/318
f 680/318/318 560/320/320 51/321/321 561/322/322
f 562/319/319 680/318/318 561/322/322 123/323/323
f 122/298/298 557/313/313 681/324/324 551/302/302
f 557/313/313 75/312/312 562/319/319 681/324/324
f 681/324/324 562/319/319 123/323/323 563/325/325
f 551/302/302 681/324/324 563/325/325 22/303/303
f 22/303/303 563/325/325 682/326/326 566/327/327
f 563/325/325 123/323/323 564/328/328 682/326/326
f 682/326/326 564/328/328 76/329/329 565/330/330
f 566/327/327 682/326/326 565/330/330 124/331/331
f 123/323/323 561/322/322 683/332/332 564/328/328
f 561/322/322 51/321/321 567/333/333 683/332/332
f 683/332/332 567/333/333 197/334/334 568/335/335
f 564/328/328 683/332/332 568/335/335 76/329/329
f 76/329/329 568/335/335 684/336/336 571/337/337
f 568/335/335 197/334/334 569/338/338 684/336/336
f 684/336/336 569/338/338 4/339/339 570/340/340
f 571/337/337 684/336/336 570/340/340 199/341/341
f 124/331/331 565/330/330 685/342/342 573/343/343
f 565/330/330 76/329/329 571/337/337 685/342/342
f 685/342/342 571/337/337 199/341/341 572/344/344
f 573/343/343 685/342/342 572/344/344 52/345/345
f 35/309/309 554/308/308 686/346/346 576/347/347
f 554/308/308 125/305/305 574/348/348 686/346/346
f 686/346/346 574/348/348 77/349/349 575/350/350
f 576/347/347 686/346/346 575/350/350 165/351/351
f 125/305/305 552/304/304 687/352/352 574/348/348
f 552/304/304 22/303/303 566/327/327 687/352/352
f 687/352/352 566/327/327 124/331/331 577/353/353
f 574/348/348 687/352/352 577/353/353 77/349/349
f 77/349/349 577/353/353 688/354/354 579/355/355
f 577/353/353 124/331/331 573/343/343 688/354/354
f 688/354/354 573/343/343 52/345/345 578/356/356
f 579/355/355 688/354/354 578/356/356 198/357/357
f 165/351/351 575/350/350 689/358/358 581/359/359
f 575/350/350 77/349/349 579/355/355 689/358/358
f 689/358/358 579/355/355 198/357/357 580/360/360
f 581/359/359 689/358/358 580/360/360 12/361/361
f 5/225/225 512/224/224 690/362/362 584/363/363
f 512/224/224 167/221/221 582/364/364 690/362/362
f 690/362/362 582/364/364 78/365/365 583/366/366
f 584/363/363 690/362/362 583/366/366 202/367/367
f 167/221/221 510/220/220 691/368/368 582/364/364
f 510/220/220 36/209/209 585/369/369 691/368/368
f 691/368/368 585/369/369 126/370/370 586/371/371
f 582/364/364 691/368/368 586/371/371 78/365/365
f 78/365/365 586/371/371 692/372/372 589/373/373
f 586/371/371 126/370/370 587/374/374 692/372/372
f 692/372/372 587/374/374 23/375/375 588/376/376
f 589/373/373 692/372/372 588/376/376 129/377/377
f 202/367/367 583/366/366 693/378/378 591/379/379
f 583/366/366 78/365/365 589/373/373 693/378/378
f 693/378/378 589/373/373 129/377/377 590/380/380
f 591/379/379 693/378/378 590/380/380 54/381/381
f 36/209/209 504/208/208 694/382/382 585/369/369
f 504/208/208 166/205/205 592/383/383 694/382/382
f 694/382/382 592/383/383 79/384/384 593/385/385
f 585/369/369 694/382/382 593/385/385 126/370/370
f 166/205/205 502/204/204 695/386/386 592/383/383
f 502/204/204 14/203/203 548/291/291 695/386/386
f 695/386/386 548/291/291 164/295/295 594/387/387
f 592/383/383 695/386/386 594/387/387 79/384/384
f 79/384/384 594/387/387 696/388/388 596/389/389
f 594/387/387 164/295/295 555/307/307 696/388/388
f 696/388/388 555/307/307 35/309/309 595/390/390
f 596/389/389 696/388/388 595/390/390 127/391/391
f 126/370/370 593/385/385 697/392/392 587/374/374
f 593/385/385 79/384/384 596/389/389 697/392/392
f 697/392/392 596/389/389 127/391/391 597/393/393
f 587/374/374 697/392/392 597/393/393 23/375/375
f 23/375/375 597/393/393 698/394/394 600/395/395
f 597/393/393 127/391/391 598/396/396 698/394/394
f 698/394/394 598/396/396 80/397/397 599/398/398
f 600/395/395 698/394/394 599/398/398 128/399/399
f 127/391/391 595/390/390 699/400/400 598/396/396
f 595/390/390 35/309/309 576/347/347 699/400/400
f 699/400/400 576/347/347 165/351/351 601/401/401
f 598/396/396 699/400/400 601/401/401 80/397/397
f 80/397/397 601/401/401 700/402/402 603/403/403
f 601/401/401 165/351/351 581/359/359 700/402/402
f 700/402/402 581/359/359 12/361/361 602/404/404
f 603/403/403 700/402/402 602/404/404 200/405/405
f 128/399/399 599/398/398 701/406/406 605/407/407
f 599/398/398 80/397/397 603/403/403 701/406/406
f 701/406/406 603/403/403 200/405/405 604/408/408
f 605/407/407 701/406/406 604/408/408 53/409/409
f 54/381/381 590/380/380 702/410/410 608/411/411
f 590/380/380 129/377/377 606/412/412 702/410/410
f 702/410/410 606/412/412 81/413/413 607/414/414
f 608/411/411 702/410/410 607/414/414 203/415/415
f 129/377/377 588/376/376 703/416/416 606/412/412
f 588/376/376 23/375/375 600/395/395 703/416/416
f 703/416/416 600/395/395 128/399/399 609/417/417
f 606/412/412 703/416/416 609/417/417 81/413/413
f 81/413/413 609/417/417 704/418/418 211/419/419
f 609/417/417 128/399/399 605/407/407 704/418/418
f 704/418/418 605/407/407 53/409/409 210/420/420
f 211/419/419 704/418/418 210/420/420 201/421/421
f 203/415/415 607/414/414 705/422/422 213/423/423
f 607/414/414 81/413/413 211/419/419 705/422/422
f 705/422/422 211/419/419 201/421/421 212/424/424
f 213/423/423 705/422/422 212/424/424 3/425/425
f 3/425/425 212/424/424 706/426/426 216/427/427
f 212/424/424 201/421/421 214/428/428 706/426/426
f 706/426/426 214/428/428 82/429/429 215/430/430
f 216/427/427 706/426/426 215/430/430 209/431/431
f 201/421/421 210/420/420 707/432/432 214/428/428
f 210/420/420 53/409/409 217/433/433 707/432/432
f 707/432/432 217/433/433 130/434/434 218/435/435
f 214/428/428 707/432/432 218/435/435 82/429/429
f 82/429/429 218/435/435 708/436/436 221/437/437
f 218/435/435 130/434/434 219/438/438 708/436/436
f 708/436/436 219/438/438 24/439/439 220/440/440
f 221/437/437 708/436/436 220/440/440 133/441/441
f 209/431/431 215/430/430 709/442/442 223/443/443
f 215/430/430 82/429/429 221/437/437 709/442/442
f 709/442/442 221/437/437 133/441/441 222/444/444
f 223/443/443 709/442/442 222/444/444 57/445/445
f 53/409/409 604/408/408 710/446/446 217/433/433
f 604/408/408 200/405/405 224/447/447 710/446/446
f 710/446/446 224/447/447 83/448/448 225/449/449
f 217/433/433 710/446/446 225/449/449 130/434/434
f 200/405/405 602/404/404 711/450/450 224/447/447
f 602/404/404 12/361/361 226/451/451 711/450/450
f 711/450/450 226/451/451 169/452/452 227/453/453
f 224/447/447 711/450/450 227/453/453 83/448/448
f 83/448/448 227/453/453 712/454/454 230/455/455
f 227/453/453 169/452/452 228/456/456 712/454/454
f 712/454/454 228/456/456 37/457/457 229/458/458
f 230/455/455 712/454/454 229/458/458 131/459/459
f 130/434/434 225/449/449 713/460/460 219/438/438
f 225/449/449 83/448/448 230/455/455 713/460/460
f 713/460/460 230/455/455 131/459/459 231/461/461
f 219/438/438 713/460/460 231/461/461 24/439/439
f 24/439/439 231/461/461 714/462/462 234/463/463
f 231/461/461 131/459/459 232/464/464 714/462/462
f 714/462/462 232/464/464 84/465/465 233/466/466
f 234/463/463 714/462/462 233/466/466 132/467/467
f 131/459/459 229/458/458 715/468/468 232/464/464
f 229/458/458 37/457/457 235/469/469 715/468/468
f 715/468/468 235/469/469 168/470/470 236/471/471
f 232/464/464 715/468/468 236/471/471 84/465/465
f 84/465/465 236/471/471 716/472/472 239/473/473
f 236/471/471 168/470/470 237/474/474 716/472/472
f 716/472/472 237/474/474 15/475/475 238/476/476
f 239/473/473 716/472/472 238/476/476 172/477/477
f 132/467/467 233/466/466 717/478/478 241/479/479
f 233/466/466 84/465/465 239/473/473 717/478/478
f 717/478/478 239/473/473 172/477/477 240/480/480
f 241/479/479 717/478/478 240/480/480 39/481/481
f 57/445/445 222/444/444 718/482/482 244/483/483
f 222/444/444 133/441/441 242/484/484 718/482/482
f 718/482/482 242/484/484 85/485/485 243/486/486
f 244/483/483 718/482/482 243/486/486 208/487/487
f 133/441/441 220/440/440 719/488/488 242/484/484
f 220/440/440 24/439/439 234/463/463 719/488/488
f 719/488/488 234/463/463 132/467/467 245/489/489
f 242/484/484 719/488/488 245/489/489 85/485/485
f 85/485/485 245/489/489 720/490/490 247/491/491
f 245/489/489 132/467/467 241/479/479 720/490/490
f 720/490/490 241/479/479 39/481/481 246/492/492
f 247/491/491 720/490/490 246/492/492 173/493/493
f 208/487/487 243/486/486 721/494/494 249/495/495
f 243/486/486 85/485/485 247/491/491 721/494/494
f 721/494/494 247/491/491 173/493/493 248/496/496
f 249/495/495 721/494/494 248/496/496 7/497/497
f 12/361/361 580/360/360 722/498/498 226/451/451
f 580/360/360 198/357/357 250/499/499 722/498/498
f 722/498/498 250/499/499 86/500/500 251/501/501
f 226/451/451 722/498/498 251/501/501 169/452/452
f 198/357/357 578/356/356 723/502/502 250/499/499
f 578/356/356 52/345/345 252/503/503 723/502/502
f 723/502/502 252/503/503 134/504/504 253/505/505
f 250/499/499 723/502/502 253/505/505 86/500/500
f 86/500/500 253/505/505 724/506/506 256/507/507
f 253/505/505 134/504/504 254/508/508 724/506/506
f 724/506/506 254/508/508 25/509/509 255/510/510
f 256/507/507 724/506/506 255/510/510 137/511/511
f 169/452/452 251/501/501 725/512/512 228/456/456
f 251/501/501 86/500/500 256/507/507 725/512/512
f 725/512/512 256/507/507 137/511/511 257/513/513
f 228/456/456 725/512/512 257/513/513 37/457/457
f 52/345/345 572/344/344 726/514/514 252/503/503
f 572/344/344 199/341/341 258/515/515 726/514/514
f 726/514/514 258/515/515 87/516/516 259/517/517
f 252/503/503 726/514/514 259/517/517 134/504/504
f 199/341/341 570/340/340 727/518/518 258/515/515
f 570/340/340 4/339/339 260/519/519 727/518/518
f 727/518/518 260/519/519 207/520/520 261/521/521
f 258/515/515 727/518/518 261/521/521 87/516/516
f 87/516/516 261/521/521 728/522/522 264/523/523
f 261/521/521 207/520/520 262/524/524 728/522/522
f 728/522/522 262/524/524 56/525/525 263/526/526
f 264/523/523 728/522/522 263/526/526 135/527/527
f 134/504/504 259/517/517 729/528/528 254/508/508
f 259/517/517 87/516/516 264/523/523 729/528/528
f 729/528/528 264/523/523 135/527/527 265/529/529
f 254/508/508 729/528/528 265/529/529 25/509/509
f 25/509/509 265/529/529 730/530/530 268/531/531
f 265/529/529 135/527/527 266/532/532 730/530/530
f 730/530/530 266/532/532 88/533/533 267/534/534
f 268/531/531 730/530/530 267/534/534 136/535/535
f 135/527/527 263/526/526 731/536/536 266/532/532
f 263/526/526 56/525/525 269/537/537 731/536/536
f 731/536/536 269/537/537 206/538/538 270/539/539
f 266/532/532 731/536/536 270/539/539 88/533/533
f 88/533/533 270/539/539 732/540/540 273/541/541
f 270/539/539 206/538/538 271/542/542 732/540/540
f 732/540/540 271/542/542 6/543/543 272/544/544
f 273/541/541 732/540/540 272/544/544 171/545/545
f 136/535/535 267/534/534 733/546/546 275/547/547
f 267/534/534 88/533/533 273/541/541 733/546/546
f 733/546/546 273/541/541 171/545/545 274/548/548
f 275/547/547 733/546/546 274/548/548 38/549/549
f 37/457/457 257/513/513 734/550/550 235/469/469
f 257/513/513 137/511/511 276/551/551 734/550/550
f 734/550/550 276/551/551 89/552/552 277/553/553
f 235/469/469 734/550/550 277/553/553 168/470/470
f 137/511/511 255/510/510 735/554/554 276/551/551
f 255/510/510 25/509/509 268/531/531 735/554/554
f 735/554/554 268/531/531 136/535/535 278/555/555
f 276/551/551 735/554/554 278/555/555 89/552/552
f 89/552/552 278/555/555 736/556/556 280/557/557
f 278/555/555 136/535/535 275/547/547 736/556/556
f 736/556/556 275/547/547 38/549/549 279/558/558
f 280/557/557 736/556/556 279/558/558 170/559/559
f 168/470/470 277/553/553 737/560/560 237/474/474
f 277/553/553 89/552/552 280/557/557 737/560/560
f 737/560/560 280/557/557 170/559/559 281/561/561
f 237/474/474 737/560/560 281/561/561 15/475/475
f 16/562/562 282/563/563 738/564/564 285/565/565
f 282/563/563 174/566/566 283/567/567 738/564/564
f 738/564/564 283/567/567 90/568/568 284/569/569
f 285/565/565 738/564/564 284/569/569 176/570/570
f 174/566/566 286/571/571 739/572/572 283/567/567
f 286/571/571 40/573/573 287/574/574 739/572/572
f 739/572/572 287/574/574 138/575/575 288/576/576
f 283/567/567 739/572/572 288/576/576 90/568/568
f 90/568/568 288/576/576 740/577/577 291/578/578
f 288/576/576 138/575/575 289/579/579 740/577/577
f 740/577/577 289/579/579 26/580/580 290/581/581
f 291/578/578 740/577/577 290/581/581 141/582/582
f 176/570/570 284/569/569 741/583/583 293/584/584
f 284/569/569 90/568/568 291/578/578 741/583/583
f 741/583/583 291/578/578 141/582/582 292/585/585
f 293/584/584 741/583/583 292/585/585 41/586/586
f 40/573/573 294/587/587 742/588/588 287/574/574
f 294/587/587 175/589/589 295/590/590 742/588/588
f 742/588/588 295/590/590 91/591/591 296/592/592
f 287/574/574 742/588/588 296/592/592 138/575/575
f 175/589/589 297/593/593 743/594/594 295/590/590
f 297/593/593 6/543/543 271/542/542 743/594/594
f 743/594/594 271/542/542 206/538/538 298/595/595
f 295/590/590 743/594/594 298/595/595 91/591/591
f 91/591/591 298/595/595 744/596/596 300/597/597
f 298/595/595 206/538/538 269/537/537 744/596/596
f 744/596/596 269/537/537 56/525/525 299/598/598
f 300/597/597 744/596/596 299/598/598 139/599/599
f 138/575/575 296/592/592 745/600/600 289/579/579
f 296/592/592 91/591/591 300/597/597 745/600/600
f 745/600/600 300/597/597 139/599/599 301/601/601
f 289/579/579 745/600/600 301/601/601 26/580/580
f 26/580/580 301/601/601 746/602/602 304/603/603
f 301/601/601 139/599/599 302/604/604 746/602/602
f 746/602/602 302/604/604 92/605/605 303/606/606
f 304/603/603 746/602/602 303/606/606 140/607/607
f 139/599/599 299/598/598 747/608/608 302/604/604
f 299/598/598 56/525/525 262/524/524 747/608/608
f 747/608/608 262/524/524 207/520/520 305/609/609
f 302/604/604 747/608/608 305/609/609 92/605/605
f 92/605/605 305/609/609 748/610/610 306/611/611
f 305/609/609 207/520/520 260/519/519 748/610/610
f 748/610/610 260/519/519 4/339/339 569/338/338
f 306/611/611 748/610/610 569/338/338 197/334/334
f 140/607/607 303/606/606 749/612/612 307/613/613
f 303/606/606 92/605/605 306/611/611 749/612/612
f 749/612/612 306/611/611 197/334/334 567/333/333
f 307/613/613 749/612/612 567/333/333 51/321/321
f 41/586/586 292/585/585 750/614/614 310/615/615
f 292/585/585 141/582/582 308/616/616 750/614/614
f 750/614/614 308/616/616 93/617/617 309/618/618
f 310/615/615 750/614/614 309/618/618 177/619/619
f 141/582/582 290/581/581 751/620/620 308/616/616
f 290/581/581 26/580/580 304/603/603 751/620/620
f 751/620/620 304/603/603 140/607/607 311/621/621
f 308/616/616 751/620/620 311/621/621 93/617/617
f 93/617/617 311/621/621 752/622/622 312/623/623
f 311/621/621 140/607/607 307/613/613 752/622/622
f 752/622/622 307/613/613 51/321/321 560/320/320
f 312/623/623 752/622/622 560/320/320 196/316/316
f 177/619/619 309/618/618 753/624/624 313/625/625
f 309/618/618 93/617/617 312/623/623 753/624/624
f 753/624/624 312/623/623 196/316/316 558/315/315
f 313/625/625 753/624/624 558/315/315 11/271/271
f 8/34/34 314/626/626 754/627/627 418/35/35
f 314/626/626 179/628/628 315/629/629 754/627/627
f 754/627/627 315/629/629 94/630/630 316/631/631
f 418/35/35 754/627/627 316/631/631 186/36/36
f 179/628/628 317/632/632 755/633/633 315/629/629
f 317/632/632 42/634/634 318/635/635 755/633/633
f 755/633/633 318/635/635 142/636/636 319/637/637
f 315/629/629 755/633/633 319/637/637 94/630/630
f 94/630/630 319/637/637 756/638/638 322/639/639
f 319/637/637 142/636/636 320/640/640 756/638/638
f 756/638/638 320/640/640 27/641/641 321/642/642
f 322/639/639 756/638/638 321/642/642 145/643/643
f 186/36/36 316/631/631 757/644/644 420/40/40
f 316/631/631 94/630/630 322/639/639 757/644/644
f 757/644/644 322/639/639 145/643/643 323/645/645
f 420/40/40 757/644/644 323/645/645 46/41/41
f 42/634/634 324/646/646 758/647/647 318/635/635
f 324/646/646 178/648/648 325/649/649 758/647/647
f 758/647/647 325/649/649 95/650/650 326/651/651
f 318/635/635 758/647/647 326/651/651 142/636/636
f 178/648/648 327/652/652 759/653/653 325/649/649
f 327/652/652 16/562/562 285/565/565 759/653/653
f 759/653/653 285/565/565 176/570/570 328/654/654
f 325/649/649 759/653/653 328/654/654 95/650/650
f 95/650/650 328/654/654 760/655/655 330/656/656
f 328/654/654 176/570/570 293/584/584 760/655/655
f 760/655/655 293/584/584 41/586/586 329/657/657
f 330/656/656 760/655/655 329/657/657 143/658/658
f 142/636/636 326/651/651 761/659/659 320/640/640
f 326/651/651 95/650/650 330/656/656 761/659/659
f 761/659/659 330/656/656 143/658/658 331/660/660
f 320/640/640 761/659/659 331/660/660 27/641/641
f 27/641/641 331/660/660 762/661/661 334/662/662
f 331/660/660 143/658/658 332/663/663 762/661/661
f 762/661/661 332/663/663 96/664/664 333/665/665
f 334/662/662 762/661/661 333/665/665 144/666/666
f 143/658/658 329/657/657 763/667/667 332/663/663
f 329/657/657 41/586/586 310/615/615 763/667/667
f 763/667/667 310/615/615 177/619/619 335/668/668
f 332/663/663 763/667/667 335/668/668 96/664/664
f 96/664/664 335/668/668 764/669/669 336/670/670
f 335/668/668 177/619/619 313/625/625 764/669/669
f 764/669/669 313/625/625 11/271/271 535/270/270
f 336/670/670 764/669/669 535/270/270 194/266/266
f 144/666/666 333/665/665 765/671/671 337/672/672
f 333/665/665 96/664/664 336/670/670 765/671/671
f 765/671/671 336/670/670 194/266/266 533/265/265
f 337/672/672 765/671/671 533/265/265 50/253/253
f 46/41/41 323/645/645 766/673/673 427/53/53
f 323/645/645 145/643/643 338/674/674 766/673/673
f 766/673/673 338/674/674 97/675/675 339/676/676
f 427/53/53 766/673/673 339/676/676 187/54/54
f 145/643/643 321/642/642 767/677/677 338/674/674
f 321/642/642 27/641/641 334/662/662 767/677/677
f 767/677/677 334/662/662 144/666/666 340/678/678
f 338/674/674 767/677/677 340/678/678 97/675/675
f 97/675/675 340/678/678 768/679/679 341/680/680
f 340/678/678 144/666/666 337/672/672 768/679/679
f 768/679/679 337/672/672 50/253/253 526/252/252
f 341/680/680 768/679/679 526/252/252 195/248/248
f 187/54/54 339/676/676 769/681/681 429/58/58
f 339/676/676 97/675/675 341/680/680 769/681/681
f 769/681/681 341/680/680 195/248/248 524/247/247
f 429/58/58 769/681/681 524/247/247 2/59/59
f 17/682/682 342/683/683 770/684/684 345/685/685
f 342/683/683 180/686/686 343/687/687 770/684/684
f 770/684/684 343/687/687 98/688/688 344/689/689
f 345/685/685 770/684/684 344/689/689 182/690/690
f 180/686/686 346/691/691 771/692/692 343/687/687
f 346/691/691 43/693/693 347/694/694 771/692/692
f 771/692/692 347/694/694 146/695/695 348/696/696
f 343/687/687 771/692/692 348/696/696 98/688/688
f 98/688/688 348/696/696 772/697/697 351/698/698
f 348/696/696 146/695/695 349/699/699 772/697/697
f 772/697/697 349/699/699 28/700/700 350/701/701
f 351/698/698 772/697/697 350/701/701 149/702/702
f 182/690/690 344/689/689 773/703/703 353/704/704
f 344/689/689 98/688/688 351/698/698 773/703/703
f 773/703/703 351/698/698 149/702/702 352/705/705
f 353/704/704 773/703/703 352/705/705 44/706/706
f 43/693/693 354/707/707 774/708/708 347/694/694
f 354/707/707 181/709/709 355/710/710 774/708/708
f 774/708/708 355/710/710 99/711/711 356/712/712
f 347/694/694 774/708/708 356/712/712 146/695/695
f 181/709/709 357/713/713 775/714/714 355/710/710
f 357/713/713 10/82/82 445/85/85 775/714/714
f 775/714/714 445/85/85 192/90/90 358/715/715
f 355/710/710 775/714/714 358/715/715 99/711/711
f 99/711/711 358/715/715 776/716/716 360/717/717
f 358/715/715 192/90/90 453/104/104 776/716/716
f 776/716/716 453/104/104 49/106/106 359/718/718
f 360/717/717 776/716/716 359/718/718 147/719/719
f 146/695/695 356/712/712 777/720/720 349/699/699
f 356/712/712 99/711/711 360/717/717 777/720/720
f 777/720/720 360/717/717 147/719/719 361/721/721
f 349/699/699 777/720/720 361/721/721 28/700/700
f 28/700/700 361/721/721 778/722/722 364/723/723
f 361/721/721 147/719/719 362/724/724 778/722/722
f 778/722/722 362/724/724 100/725/725 363/726/726
f 364/723/723 778/722/722 363/726/726 148/727/727
f 147/719/719 359/718/718 779/728/728 362/724/724
f 359/718/718 49/106/106 472/139/139 779/728/728
f 779/728/728 472/139/139 193/143/143 365/729/729
f 362/724/724 779/728/728 365/729/729 100/725/725
f 100/725/725 365/729/729 780/730/730 366/731/731
f 365/729/729 193/143/143 477/151/151 780/730/730
f 780/730/730 477/151/151 1/153/153 480/155/155
f 366/731/731 780/730/730 480/155/155 205/159/159
f 148/727/727 363/726/726 781/732/732 367/733/733
f 363/726/726 100/725/725 366/731/731 781/732/732
f 781/732/732 366/731/731 205/159/159 487/171/171
f 367/733/733 781/732/732 487/171/171 55/173/173
f 44/706/706 352/705/705 782/734/734 370/735/735
f 352/705/705 149/702/702 368/736/736 782/734/734
f 782/734/734 368/736/736 101/737/737 369/738/738
f 370/735/735 782/734/734 369/738/738 183/739/739
f 149/702/702 350/701/701 783/740/740 368/736/736
f 350/701/701 28/700/700 364/723/723 783/740/740
f 783/740/740 364/723/723 148/727/727 371/741/741
f 368/736/736 783/740/740 371/741/741 101/737/737
f 101/737/737 371/741/741 784/742/742 372/743/743
f 371/741/741 148/727/727 367/733/733 784/742/742
f 784/742/742 367/733/733 55/173/173 508/211/211
f 372/743/743 784/742/742 508/211/211 204/215/215
f 183/739/739 369/738/738 785/744/744 373/745/745
f 369/738/738 101/737/737 372/743/743 785/744/744
f 785/744/744 372/743/743 204/215/215 513/223/223
f 373/745/745 785/744/744 513/223/223 5/225/225
f 7/497/497 374/746/746 786/747/747 249/495/495
f 374/746/746 185/748/748 375/749/749 786/747/747
f 786/747/747 375/749/749 102/750/750 376/751/751
f 249/495/495 786/747/747 376/751/751 208/487/487
f 185/748/748 377/752/752 787/753/753 375/749/749
f 377/752/752 45/754/754 378/755/755 787/753/753
f 787/753/753 378/755/755 150/756/756 379/757/757
f 375/749/749 787/753/753 379/757/757 102/750/750
f 102/750/750 379/757/757 788/758/758 382/759/759
f 379/757/757 150/756/756 380/760/760 788/758/758
f 788/758/758 380/760/760 29/761/761 381/762/762
f 382/759/759 788/758/758 381/762/762 153/763/763
f 208/487/487 376/751/751 789/764/764 244/483/483
f 376/751/751 102/750/750 382/759/759 789/764/764
f 789/764/764 382/759/759 153/763/763 383/765/765
f 244/483/483 789/764/764 383/765/765 57/445/445
f 45/754/754 384/766/766 790/767/767 378/755/755
f 384/766/766 184/768/768 385/769/769 790/767/767
f 790/767/767 385/769/769 103/770/770 386/771/771
f 378/755/755 790/767/767 386/771/771 150/756/756
f 184/768/768 387/772/772 791/773/773 385/769/769
f 387/772/772 17/682/682 345/685/685 791/773/773
f 791/773/773 345/685/685 182/690/690 388/774/774
f 385/769/769 791/773/773 388/774/774 103/770/770
f 103/770/770 388/774/774 792/775/775 390/776/776
f 388/774/774 182/690/690 353/704/704 792/775/775
f 792/775/775 353/704/704 44/706/706 389/777/777
f 390/776/776 792/775/775 389/777/777 151/778/778
f 150/756/756 386/771/771 793/779/779 380/760/760
f 386/771/771 103/770/770 390/776/776 793/779/779
f 793/779/779 390/776/776 151/778/778 391/780/780
f 380/760/760 793/779/779 391/780/780 29/761/761
f 29/761/761 391/780/780 794/781/781 394/782/782
f 391/780/780 151/778/778 392/783/783 794/781/781
f 794/781/781 392/783/783 104/784/784 393/785/785
f 394/782/782 794/781/781 393/785/785 152/786/786
f 151/778/778 389/777/777 795/787/787 392/783/783
f 389/777/777 44/706/706 370/735/735 795/787/787
f 795/787/787 370/735/735 183/739/739 395/788/788
f 392/783/783 795/787/787 395/788/788 104/784/784
f 104/784/784 395/788/788 796/789/789 396/790/790
f 395/788/788 183/739/739 373/745/745 796/789/789
f 796/789/789 373/745/745 5/225/225 584/363/363
f 396/790/790 796/789/789 584/363/363 202/367/367
f 152/786/786 393/785/785 797/791/791 397/792/792
f 393/785/785 104/784/784 396/790/790 797/791/791
f 797/791/791 396/790/790 202/367/367 591/379/379
f 397/792/792 797/791/791 591/379/379 54/381/381
f 57/445/445 383/765/765 798/793/793 223/443/443
f 383/765/765 153/763/763 398/794/794 798/793/793
f 798/793/793 398/794/794 105/795/795 399/796/796
f 223/443/443 798/793/793 399/796/796 209/431/431
f 153/763/763 381/762/762 799/797/797 398/794/794
f 381/762/762 29/761/761 394/782/782 799/797/797
f 799/797/797 394/782/782 152/786/786 400/798/798
f 398/794/794 799/797/797 400/798/798 105/795/795
f 105/795/795 400/798/798 800/799/799 401/800/800
f 400/798/798 152/786/786 397/792/792 800/799/799
f 800/799/799 397/792/792 54/381/381 608/411/411
f 401/800/800 800/799/799 608/411/411 203/415/415
f 209/431/431 399/796/796 801/801/801 216/427/427
f 399/796/796 105/795/795 401/800/800 801/801/801
f 801/801/801 401/800/800 203/415/415 213/423/423
f 216/427/427 801/801/801 213/423/423 3/425/425
